-- phpMyAdmin SQL Dump
-- version 4.2.11
-- http://www.phpmyadmin.net
--
-- Host: 127.0.0.1
-- Generation Time: Feb 22, 2017 at 11:30 AM
-- Server version: 5.6.21
-- PHP Version: 5.6.3

SET SQL_MODE = "NO_AUTO_VALUE_ON_ZERO";
SET time_zone = "+00:00";


/*!40101 SET @OLD_CHARACTER_SET_CLIENT=@@CHARACTER_SET_CLIENT */;
/*!40101 SET @OLD_CHARACTER_SET_RESULTS=@@CHARACTER_SET_RESULTS */;
/*!40101 SET @OLD_COLLATION_CONNECTION=@@COLLATION_CONNECTION */;
/*!40101 SET NAMES utf8 */;

--
-- Database: `full`
--

-- --------------------------------------------------------

--
-- Table structure for table `daily_count`
--

CREATE TABLE IF NOT EXISTS `daily_count` (
  `u_date` date NOT NULL,
  `pts_count` int(11) NOT NULL,
  `u_count` int(11) NOT NULL
) ENGINE=InnoDB DEFAULT CHARSET=latin1;

--
-- Dumping data for table `daily_count`
--

INSERT INTO `daily_count` (`u_date`, `pts_count`, `u_count`) VALUES
('2016-12-28', 33981, 383),
('2017-01-24', 34995, 397),
('2017-01-30', 35006, 397),
('2017-02-17', 35046, 397),
('2017-02-21', 35047, 397),
('2017-02-22', 35049, 397);

-- --------------------------------------------------------

--
-- Table structure for table `daily_update`
--

CREATE TABLE IF NOT EXISTS `daily_update` (
  `r_date` date NOT NULL,
  `uid` varchar(50) NOT NULL,
  `points` int(11) NOT NULL,
  `rank` int(11) NOT NULL
) ENGINE=InnoDB DEFAULT CHARSET=latin1;

--
-- Dumping data for table `daily_update`
--

INSERT INTO `daily_update` (`r_date`, `uid`, `points`, `rank`) VALUES
('2017-01-24', '546fc9f1db8155e6700d6e8c', 1260, 1),
('2017-01-24', '572d97e4c43b8c60197197fc', 352, 2),
('2017-01-24', '570f30b3187bb6f0eadf5f12', 347, 3),
('2017-01-24', '572d8aa3c43b8c60197196a0', 330, 4),
('2017-01-24', '57341956c43b8c6019727044', 320, 5),
('2017-01-24', '5700ce87187bb6f0eadd9cdb', 320, 6),
('2017-01-24', '5714a656187bb6f0eadff754', 318, 7),
('2017-01-24', '57176ff15a458cafb0af6d8b', 315, 8),
('2017-01-24', '5433c4b0163965c9bc209625', 303, 9),
('2017-01-24', '572718dfc43b8c601970bc63', 302, 10),
('2017-01-24', '572db383c43b8c6019719aac', 300, 11),
('2017-01-24', '5747e37dc43b8c6019753872', 297, 12),
('2017-01-24', '572db369c43b8c6019719a8a', 291, 13),
('2017-01-24', '571772d65a458cafb0af6e02', 290, 14),
('2017-01-24', '570b9cad187bb6f0eadee285', 283, 15),
('2017-01-24', '5747e332c43b8c6019753829', 283, 16),
('2017-01-24', '570baf74187bb6f0eadee5a1', 282, 17),
('2017-01-24', '5727270dc43b8c601970be32', 276, 18),
('2017-01-24', '5715b48e187bb6f0eae01e04', 272, 19),
('2017-01-24', '575d85b4c2f0db084a1d7835', 264, 20),
('2017-01-24', '5799a78d40f3a6eec05cd6b1', 252, 21),
('2017-01-24', '5714c7bd187bb6f0eadffc67', 251, 22),
('2017-01-24', '57109db2187bb6f0eadf908d', 249, 23),
('2017-01-24', '5757cb8dc43b8c6019787853', 249, 24),
('2017-01-24', '5747dc76c43b8c6019753726', 243, 25),
('2017-01-24', '582485a3d73408ce4f34f7dc', 243, 26),
('2017-01-24', '5778c989c2f0db084a212da7', 241, 27),
('2017-01-24', '5747e360c43b8c6019753863', 235, 28),
('2017-01-24', '5768c131c2f0db084a1f0b3d', 233, 29),
('2017-01-24', '572dce33c43b8c6019719fc0', 226, 30),
('2017-01-24', '572dbc4cc43b8c6019719d4d', 225, 31),
('2017-01-24', '572dbc35c43b8c6019719d1e', 225, 32),
('2017-01-24', '572db9c4c43b8c6019719c7a', 225, 33),
('2017-01-24', '57232a2b659847a7aff51c41', 224, 34),
('2017-01-24', '571ee68d659847a7aff483ce', 221, 35),
('2017-01-24', '576ed9b7c2f0db084a1fe5be', 220, 36),
('2017-01-24', '572d85d4c43b8c60197195f8', 218, 37),
('2017-01-24', '5829daffd73408ce4f35cb19', 217, 38),
('2017-01-24', '57b476f040f3a6eec05ff2e9', 217, 39),
('2017-01-24', '570b9162187bb6f0eadee08e', 216, 40),
('2017-01-24', '5768c1dfc2f0db084a1f0b91', 214, 41),
('2017-01-24', '5768c34bc2f0db084a1f0be6', 213, 42),
('2017-01-24', '578210f7c2f0db084a224b72', 211, 43),
('2017-01-24', '5768c121c2f0db084a1f0b37', 211, 44),
('2017-01-24', '579877ea40f3a6eec05cabba', 210, 45),
('2017-01-24', '5768c13ac2f0db084a1f0b48', 209, 46),
('2017-01-24', '576904e8c2f0db084a1f1467', 209, 47),
('2017-01-24', '5768c11dc2f0db084a1f0b32', 208, 48),
('2017-01-24', '572db50dc43b8c6019719b0d', 208, 49),
('2017-01-24', '5768c143c2f0db084a1f0b4d', 205, 50),
('2017-01-24', '57594273c2f0db084a1cf7d5', 204, 51),
('2017-01-24', '57271797c43b8c601970bc5a', 201, 52),
('2017-01-24', '572db374c43b8c6019719aa5', 201, 53),
('2017-01-24', '5798733340f3a6eec05caac4', 201, 54),
('2017-01-24', '58037b8ad73408ce4f2e9b1d', 200, 55),
('2017-01-24', '579873f540f3a6eec05caaf4', 199, 56),
('2017-01-24', '571da45d659847a7aff45afd', 198, 57),
('2017-01-24', '57271ae0c43b8c601970bc9f', 196, 58),
('2017-01-24', '5768c119c2f0db084a1f0b2d', 194, 59),
('2017-01-24', '5768c172c2f0db084a1f0b6c', 193, 60),
('2017-01-24', '5768c148c2f0db084a1f0b54', 188, 61),
('2017-01-24', '5719e469659847a7aff3fc0c', 188, 62),
('2017-01-24', '57176ff25a458cafb0af6d8f', 187, 63),
('2017-01-24', '572db6edc43b8c6019719b65', 186, 64),
('2017-01-24', '5768c150c2f0db084a1f0b60', 184, 65),
('2017-01-24', '572db6f9c43b8c6019719b6b', 183, 66),
('2017-01-24', '57271b4dc43b8c601970bcb3', 183, 67),
('2017-01-24', '5768c112c2f0db084a1f0b28', 179, 68),
('2017-01-24', '572dbc35c43b8c6019719d22', 175, 69),
('2017-01-24', '57679bc5c2f0db084a1ed8d6', 169, 70),
('2017-01-24', '5768c15ec2f0db084a1f0b66', 163, 71),
('2017-01-24', '576b59a1c2f0db084a1f7264', 162, 72),
('2017-01-24', '572d8543c43b8c60197195e0', 161, 73),
('2017-01-24', '572db150c43b8c6019719a2a', 154, 74),
('2017-01-24', '5757c8b2c43b8c6019787800', 154, 75),
('2017-01-24', '5798733e40f3a6eec05caac9', 153, 76),
('2017-01-24', '572d894ec43b8c601971966a', 151, 77),
('2017-01-24', '572dbc4cc43b8c6019719d52', 149, 78),
('2017-01-24', '572d934ec43b8c60197197a0', 147, 79),
('2017-01-24', '5768c133c2f0db084a1f0b42', 144, 80),
('2017-01-24', '579879d040f3a6eec05cac3e', 142, 81),
('2017-01-24', '570a6857187bb6f0eadec072', 141, 82),
('2017-01-24', '572db34bc43b8c6019719a73', 141, 83),
('2017-01-24', '570a5d04187bb6f0eadebf73', 140, 84),
('2017-01-24', '5768c384c2f0db084a1f0bed', 140, 85),
('2017-01-24', '5747e3b1c43b8c6019753881', 138, 86),
('2017-01-24', '579878e840f3a6eec05cabec', 137, 87),
('2017-01-24', '574c1b9fc43b8c601975b288', 133, 88),
('2017-01-24', '572db982c43b8c6019719bec', 133, 89),
('2017-01-24', '5768c5dac2f0db084a1f0c31', 132, 90),
('2017-01-24', '579e023340f3a6eec05d4add', 130, 91),
('2017-01-24', '572db996c43b8c6019719c06', 129, 92),
('2017-01-24', '572ac9d5c43b8c60197138e7', 129, 93),
('2017-01-24', '572db36bc43b8c6019719a94', 128, 94),
('2017-01-24', '572db36ac43b8c6019719a8f', 126, 95),
('2017-01-24', '572db98bc43b8c6019719bf2', 126, 96),
('2017-01-24', '572eb2bbc43b8c601971b629', 124, 97),
('2017-01-24', '575ba081c2f0db084a1d47e4', 121, 98),
('2017-01-24', '572db4fdc43b8c6019719b07', 121, 99),
('2017-01-24', '5747de5ac43b8c6019753780', 120, 100),
('2017-01-24', '5768c4e6c2f0db084a1f0c1a', 120, 101),
('2017-01-24', '579877cd40f3a6eec05cabad', 119, 102),
('2017-01-24', '570a74b1187bb6f0eadec1cc', 118, 103),
('2017-01-24', '5721b881659847a7aff4e8ff', 118, 104),
('2017-01-24', '5798f2c740f3a6eec05cc1e0', 113, 105),
('2017-01-24', '57b93afc40f3a6eec06087fd', 113, 106),
('2017-01-24', '572dbc43c43b8c6019719d3d', 112, 107),
('2017-01-24', '572db34dc43b8c6019719a78', 112, 108),
('2017-01-24', '570b91da187bb6f0eadee0a4', 112, 109),
('2017-01-24', '572dbc30c43b8c6019719d14', 112, 110),
('2017-01-24', '579873d740f3a6eec05caaec', 112, 111),
('2017-01-24', '572db56dc43b8c6019719b24', 112, 112),
('2017-01-24', '5768c103c2f0db084a1f0b23', 111, 113),
('2017-01-24', '579877ca40f3a6eec05caba7', 111, 114),
('2017-01-24', '572db3cac43b8c6019719ac2', 110, 115),
('2017-01-24', '572dbc7dc43b8c6019719d67', 110, 116),
('2017-01-24', '575bb875c2f0db084a1d4ae7', 109, 117),
('2017-01-24', '572dbc43c43b8c6019719d3a', 107, 118),
('2017-01-24', '572dbc43c43b8c6019719d37', 106, 119),
('2017-01-24', '575bb87dc2f0db084a1d4aed', 105, 120),
('2017-01-24', '572dbc35c43b8c6019719d25', 105, 121),
('2017-01-24', '570b8e93187bb6f0eadedfde', 102, 122),
('2017-01-24', '572dbc37c43b8c6019719d2f', 102, 123),
('2017-01-24', '572d8a3fc43b8c6019719693', 101, 124),
('2017-01-24', '572dbc33c43b8c6019719d19', 100, 125),
('2017-01-24', '5798792e40f3a6eec05cac08', 100, 126),
('2017-01-24', '5757cdcdc43b8c601978789d', 98, 127),
('2017-01-24', '5768c298c2f0db084a1f0bc4', 98, 128),
('2017-01-24', '572dbe7bc43b8c6019719db9', 97, 129),
('2017-01-24', '572db948c43b8c6019719bd0', 96, 130),
('2017-01-24', '572db996c43b8c6019719c0c', 95, 131),
('2017-01-24', '572db993c43b8c6019719bfd', 95, 132),
('2017-01-24', '575ebc5ac2f0db084a1d9e56', 94, 133),
('2017-01-24', '572db36ec43b8c6019719a99', 93, 134),
('2017-01-24', '572db6e1c43b8c6019719b60', 91, 135),
('2017-01-24', '5768c2c2c2f0db084a1f0bcc', 91, 136),
('2017-01-24', '579874d040f3a6eec05cab17', 90, 137),
('2017-01-24', '572db9a7c43b8c6019719c4a', 88, 138),
('2017-01-24', '572d8c00c43b8c60197196ba', 86, 139),
('2017-01-24', '570b90ed187bb6f0eadee068', 82, 140),
('2017-01-24', '572db99fc43b8c6019719c35', 82, 141),
('2017-01-24', '572db998c43b8c6019719c1e', 82, 142),
('2017-01-24', '570e591a187bb6f0eadf435c', 82, 143),
('2017-01-24', '5768c270c2f0db084a1f0bb4', 82, 144),
('2017-01-24', '570b927e187bb6f0eadee0c6', 82, 145),
('2017-01-24', '5798741340f3a6eec05caafb', 81, 146),
('2017-01-24', '572db9a2c43b8c6019719c43', 79, 147),
('2017-01-24', '572db997c43b8c6019719c19', 79, 148),
('2017-01-24', '57a5788f40f3a6eec05e2e66', 76, 149),
('2017-01-24', '572db959c43b8c6019719bdb', 76, 150),
('2017-01-24', '572d87d4c43b8c6019719635', 76, 151),
('2017-01-24', '575ba9a7c2f0db084a1d4940', 76, 152),
('2017-01-24', '572db4b4c43b8c6019719af2', 76, 153),
('2017-01-24', '58678dcfd73408ce4f4058bd', 75, 154),
('2017-01-24', '575bacbac2f0db084a1d49cc', 75, 155),
('2017-01-24', '572db9a1c43b8c6019719c3e', 74, 156),
('2017-01-24', '572dbc36c43b8c6019719d2a', 74, 157),
('2017-01-24', '573d763dc43b8c601973c39e', 74, 158),
('2017-01-24', '572db971c43b8c6019719be2', 74, 159),
('2017-01-24', '58688deed73408ce4f407155', 74, 160),
('2017-01-24', '572db9f5c43b8c6019719c97', 74, 161),
('2017-01-24', '57f135b0d73408ce4f2b1aa6', 74, 162),
('2017-01-24', '573d7662c43b8c601973c3ab', 73, 163),
('2017-01-24', '575e90e5c2f0db084a1d973c', 73, 164),
('2017-01-24', '575ba3dbc2f0db084a1d484c', 73, 165),
('2017-01-24', '5747db60c43b8c60197536e8', 72, 166),
('2017-01-24', '575bb065c2f0db084a1d4a49', 72, 167),
('2017-01-24', '575bb882c2f0db084a1d4af4', 71, 168),
('2017-01-24', '572dbf61c43b8c6019719dd4', 70, 169),
('2017-01-24', '572dbc5cc43b8c6019719d5a', 70, 170),
('2017-01-24', '573d7742c43b8c601973c3d8', 69, 171),
('2017-01-24', '582aae54d73408ce4f35f393', 69, 172),
('2017-01-24', '58678de8d73408ce4f4058e4', 69, 173),
('2017-01-24', '573d7719c43b8c601973c3d0', 69, 174),
('2017-01-24', '572dbc83c43b8c6019719d6f', 67, 175),
('2017-01-24', '5798737540f3a6eec05caadc', 67, 176),
('2017-01-24', '579875e340f3a6eec05cab4d', 66, 177),
('2017-01-24', '586795a6d73408ce4f405a17', 66, 178),
('2017-01-24', '5798724a40f3a6eec05caaa1', 66, 179),
('2017-01-24', '575ba45cc2f0db084a1d486c', 66, 180),
('2017-01-24', '5798773440f3a6eec05cab8b', 66, 181),
('2017-01-24', '575bac59c2f0db084a1d49a9', 65, 182),
('2017-01-24', '572dbb3ec43b8c6019719ce6', 65, 183),
('2017-01-24', '5764fd83c2f0db084a1e9270', 64, 184),
('2017-01-24', '570b92ab187bb6f0eadee0d4', 64, 185),
('2017-01-24', '579873c240f3a6eec05caae3', 64, 186),
('2017-01-24', '572db35fc43b8c6019719a83', 63, 187),
('2017-01-24', '572db99ec43b8c6019719c30', 62, 188),
('2017-01-24', '572db9cfc43b8c6019719c86', 61, 189),
('2017-01-24', '575bb88cc2f0db084a1d4b0b', 61, 190),
('2017-01-24', '572dbddbc43b8c6019719dab', 61, 191),
('2017-01-24', '572dbfb1c43b8c6019719de5', 61, 192),
('2017-01-24', '5768c59dc2f0db084a1f0c2b', 59, 193),
('2017-01-24', '5798769d40f3a6eec05cab79', 59, 194),
('2017-01-24', '579872e540f3a6eec05caabb', 59, 195),
('2017-01-24', '572d9bb1c43b8c601971985a', 56, 196),
('2017-01-24', '579877a840f3a6eec05cab99', 56, 197),
('2017-01-24', '5798775940f3a6eec05cab91', 56, 198),
('2017-01-24', '572dbaa8c43b8c6019719ccb', 54, 199),
('2017-01-24', '572db98ec43b8c6019719bf7', 54, 200),
('2017-01-24', '578e016cc2f0db084a23a746', 54, 201),
('2017-01-24', '5747e334c43b8c601975382e', 54, 202),
('2017-01-24', '575eb765c2f0db084a1d9d87', 54, 203),
('2017-01-24', '578e0176c2f0db084a23a753', 54, 204),
('2017-01-24', '578e012bc2f0db084a23a708', 53, 205),
('2017-01-24', '575ba59ec2f0db084a1d48a1', 53, 206),
('2017-01-24', '575bae0ec2f0db084a1d49f9', 52, 207),
('2017-01-24', '5747dc99c43b8c601975372d', 52, 208),
('2017-01-24', '572db9bbc43b8c6019719c6b', 52, 209),
('2017-01-24', '5747e33cc43b8c6019753844', 52, 210),
('2017-01-24', '572db54dc43b8c6019719b1c', 51, 211),
('2017-01-24', '573d7585c43b8c601973c37a', 51, 212),
('2017-01-24', '575bb8ddc2f0db084a1d4b41', 51, 213),
('2017-01-24', '575baca5c2f0db084a1d49bd', 50, 214),
('2017-01-24', '5798852a40f3a6eec05cadf3', 50, 215),
('2017-01-24', '5747df8dc43b8c60197537bc', 50, 216),
('2017-01-24', '578e01bcc2f0db084a23a783', 49, 217),
('2017-01-24', '578e0166c2f0db084a23a731', 49, 218),
('2017-01-24', '579875f840f3a6eec05cab57', 49, 219),
('2017-01-24', '572db9b4c43b8c6019719c60', 49, 220),
('2017-01-24', '57987aef40f3a6eec05cac96', 49, 221),
('2017-01-24', '575bacffc2f0db084a1d49df', 48, 222),
('2017-01-24', '575ba258c2f0db084a1d481b', 48, 223),
('2017-01-24', '573d7817c43b8c601973c416', 48, 224),
('2017-01-24', '5714c8a8187bb6f0eadffc9d', 48, 225),
('2017-01-24', '579874e640f3a6eec05cab23', 48, 226),
('2017-01-24', '578e0198c2f0db084a23a779', 48, 227),
('2017-01-24', '578e018ec2f0db084a23a768', 47, 228),
('2017-01-24', '575bb92bc2f0db084a1d4b61', 46, 229),
('2017-01-24', '58678dd9d73408ce4f4058d8', 46, 230),
('2017-01-24', '572dbd95c43b8c6019719d9d', 45, 231),
('2017-01-24', '58678debd73408ce4f4058e8', 45, 232),
('2017-01-24', '572db21fc43b8c6019719a57', 44, 233),
('2017-01-24', '572db92fc43b8c6019719bc8', 44, 234),
('2017-01-24', '575ba28ac2f0db084a1d4825', 44, 235),
('2017-01-24', '576a489ac2f0db084a1f4678', 44, 236),
('2017-01-24', '572dbc8fc43b8c6019719d77', 44, 237),
('2017-01-24', '572db9c1c43b8c6019719c71', 44, 238),
('2017-01-24', '578e0163c2f0db084a23a728', 44, 239),
('2017-01-24', '572db99bc43b8c6019719c26', 44, 240),
('2017-01-24', '575ba379c2f0db084a1d4840', 43, 241),
('2017-01-24', '572db9f1c43b8c6019719c91', 43, 242),
('2017-01-24', '572db9c3c43b8c6019719c76', 43, 243),
('2017-01-24', '575bb848c2f0db084a1d4ac5', 43, 244),
('2017-01-24', '578e0161c2f0db084a23a720', 42, 245),
('2017-01-24', '578e016bc2f0db084a23a741', 41, 246),
('2017-01-24', '575bac57c2f0db084a1d49a5', 41, 247),
('2017-01-24', '572dce06c43b8c6019719fba', 40, 248),
('2017-01-24', '578dd3f2c2f0db084a23a080', 40, 249),
('2017-01-24', '578f3657c2f0db084a23cf18', 40, 250),
('2017-01-24', '5798784640f3a6eec05cabd3', 39, 251),
('2017-01-24', '5747e42dc43b8c601975389c', 39, 252),
('2017-01-24', '575bb874c2f0db084a1d4ae2', 39, 253),
('2017-01-24', '575baf2ac2f0db084a1d4a27', 39, 254),
('2017-01-24', '575baacec2f0db084a1d496f', 38, 255),
('2017-01-24', '5798791e40f3a6eec05cac01', 38, 256),
('2017-01-24', '575ba798c2f0db084a1d48d7', 38, 257),
('2017-01-24', '578e0168c2f0db084a23a73b', 38, 258),
('2017-01-24', '570b8cec187bb6f0eadedf63', 38, 259),
('2017-01-24', '575ba52ac2f0db084a1d488d', 38, 260),
('2017-01-24', '5717af17659847a7aff3b634', 37, 261),
('2017-01-24', '572db4dbc43b8c6019719b00', 37, 262),
('2017-01-24', '575bb887c2f0db084a1d4aff', 37, 263),
('2017-01-24', '575bae60c2f0db084a1d4a08', 37, 264),
('2017-01-24', '573d7706c43b8c601973c3ca', 37, 265),
('2017-01-24', '572dba84c43b8c6019719cbd', 37, 266),
('2017-01-24', '572db77bc43b8c6019719b88', 36, 267),
('2017-01-24', '57987a9140f3a6eec05cac7f', 36, 268),
('2017-01-24', '575bb88dc2f0db084a1d4b10', 35, 269),
('2017-01-24', '578e0167c2f0db084a23a736', 35, 270),
('2017-01-24', '572dba6cc43b8c6019719cb5', 35, 271),
('2017-01-24', '578e0166c2f0db084a23a72d', 34, 272),
('2017-01-24', '572dba05c43b8c6019719ca0', 34, 273),
('2017-01-24', '578e017fc2f0db084a23a760', 33, 274),
('2017-01-24', '578e017bc2f0db084a23a75a', 33, 275),
('2017-01-24', '575bb8e4c2f0db084a1d4b48', 33, 276),
('2017-01-24', '575bb88dc2f0db084a1d4b14', 33, 277),
('2017-01-24', '575ba809c2f0db084a1d48f3', 32, 278),
('2017-01-24', '572db4adc43b8c6019719aea', 32, 279),
('2017-01-24', '5747e33ac43b8c6019753839', 32, 280),
('2017-01-24', '575baadec2f0db084a1d4976', 31, 281),
('2017-01-24', '575fc29ec2f0db084a1dc346', 31, 282),
('2017-01-24', '575ba88bc2f0db084a1d4901', 31, 283),
('2017-01-24', '575bab09c2f0db084a1d497d', 31, 284),
('2017-01-24', '572d8efdc43b8c6019719708', 31, 285),
('2017-01-24', '575baa4bc2f0db084a1d495c', 30, 286),
('2017-01-24', '575bb8c0c2f0db084a1d4b34', 30, 287),
('2017-01-24', '575baa0cc2f0db084a1d4955', 30, 288),
('2017-01-24', '575baa55c2f0db084a1d4963', 30, 289),
('2017-01-24', '5798794240f3a6eec05cac0e', 28, 290),
('2017-01-24', '5747e3cac43b8c601975388d', 27, 291),
('2017-01-24', '57c83d9b40f3a6eec062b675', 27, 292),
('2017-01-24', '58678ebcd73408ce4f405942', 27, 293),
('2017-01-24', '570e4e84187bb6f0eadf4172', 27, 294),
('2017-01-24', '585c9c06d73408ce4f3eddf6', 27, 295),
('2017-01-24', '575ba928c2f0db084a1d4918', 26, 296),
('2017-01-24', '575ba96ec2f0db084a1d4927', 26, 297),
('2017-01-24', '5714c8dd187bb6f0eadffcac', 25, 298),
('2017-01-24', '578e0193c2f0db084a23a771', 25, 299),
('2017-01-24', '575ba2fcc2f0db084a1d4835', 25, 300),
('2017-01-24', '5798783a40f3a6eec05cabc8', 24, 301),
('2017-01-24', '572dbfb5c43b8c6019719dea', 23, 302),
('2017-01-24', '5747e37ac43b8c601975386a', 23, 303),
('2017-01-24', '5714c5d0187bb6f0eadffbf5', 23, 304),
('2017-01-24', '578e01ccc2f0db084a23a78a', 23, 305),
('2017-01-24', '575bb888c2f0db084a1d4b04', 23, 306),
('2017-01-24', '578e0160c2f0db084a23a719', 22, 307),
('2017-01-24', '575bb929c2f0db084a1d4b57', 22, 308),
('2017-01-24', '576a480ec2f0db084a1f4636', 22, 309),
('2017-01-24', '58678ed8d73408ce4f405953', 22, 310),
('2017-01-24', '575bb886c2f0db084a1d4afa', 22, 311),
('2017-01-24', '578e01cdc2f0db084a23a78f', 22, 312),
('2017-01-24', '575bb929c2f0db084a1d4b5a', 22, 313),
('2017-01-24', '57987a5a40f3a6eec05cac6c', 22, 314),
('2017-01-24', '5747e335c43b8c6019753833', 21, 315),
('2017-01-24', '5714c634187bb6f0eadffc0a', 21, 316),
('2017-01-24', '5747e34bc43b8c6019753852', 21, 317),
('2017-01-24', '578e0138c2f0db084a23a70d', 21, 318),
('2017-01-24', '5714c684187bb6f0eadffc1d', 21, 319),
('2017-01-24', '5747e343c43b8c601975384b', 21, 320),
('2017-01-24', '5747e33bc43b8c601975383e', 20, 321),
('2017-01-24', '5714c66f187bb6f0eadffc12', 20, 322),
('2017-01-24', '579c75cd40f3a6eec05d2a93', 20, 323),
('2017-01-24', '570e2d2a187bb6f0eadf3c27', 19, 324),
('2017-01-24', '5768c1aac2f0db084a1f0b7d', 19, 325),
('2017-01-24', '570b90e9187bb6f0eadee063', 19, 326),
('2017-01-24', '576a4855c2f0db084a1f4666', 19, 327),
('2017-01-24', '5747e35ac43b8c601975385e', 18, 328),
('2017-01-24', '575bab20c2f0db084a1d4986', 18, 329),
('2017-01-24', '575bb86fc2f0db084a1d4add', 18, 330),
('2017-01-24', '573d7d3ac43b8c601973c4e1', 17, 331),
('2017-01-24', '578e0228c2f0db084a23a7ae', 17, 332),
('2017-01-24', '585b4af0d73408ce4f3ea49a', 17, 333),
('2017-01-24', '5714c70f187bb6f0eadffc35', 17, 334),
('2017-01-24', '575bb8bec2f0db084a1d4b2d', 17, 335),
('2017-01-24', '57e2264140f3a6eec0666a6d', 16, 336),
('2017-01-24', '575bb8b9c2f0db084a1d4b28', 16, 337),
('2017-01-24', '575bc7eec2f0db084a1d4c87', 16, 338),
('2017-01-24', '578e0161c2f0db084a23a71c', 16, 339),
('2017-01-24', '5747e34fc43b8c6019753857', 16, 340),
('2017-01-24', '5747e3cac43b8c6019753890', 15, 341),
('2017-01-24', '5768c213c2f0db084a1f0b9e', 15, 342),
('2017-01-24', '575bb8c4c2f0db084a1d4b39', 12, 343),
('2017-01-24', '570b9106187bb6f0eadee07a', 11, 344),
('2017-01-24', '570b90fc187bb6f0eadee074', 11, 345),
('2017-01-24', '5714c818187bb6f0eadffc76', 11, 346),
('2017-01-24', '58496de4d73408ce4f3ba5ec', 11, 347),
('2017-01-24', '5714c78e187bb6f0eadffc5f', 10, 348),
('2017-01-24', '578e01e7c2f0db084a23a79c', 10, 349),
('2017-01-24', '575badc6c2f0db084a1d49ef', 9, 350),
('2017-01-24', '58678ea3d73408ce4f405934', 9, 351),
('2017-01-24', '575bb901c2f0db084a1d4b4f', 9, 352),
('2017-01-24', '57696046c2f0db084a1f2486', 9, 353),
('2017-01-24', '579875f440f3a6eec05cab52', 7, 354),
('2017-01-24', '572db387c43b8c6019719ab1', 6, 355),
('2017-01-24', '5714c78d187bb6f0eadffc5b', 6, 356),
('2017-01-24', '5714c75b187bb6f0eadffc44', 4, 357),
('2017-01-24', '587776e8d73408ce4f4307f2', 4, 358),
('2017-01-24', '5714c7fa187bb6f0eadffc70', 3, 359),
('2017-01-24', '572de886c43b8c601971a221', 2, 360),
('2017-01-24', '570b91f0187bb6f0eadee0ad', 2, 361),
('2017-01-24', '572dc02cc43b8c6019719e0a', 1, 362),
('2017-01-24', '572dc2f5c43b8c6019719e76', 1, 363),
('2017-01-24', '575bc850c2f0db084a1d4c98', 1, 364),
('2017-01-24', '56fe8519187bb6f0eadd5ff1', 1, 365),
('2017-01-24', '572dbff6c43b8c6019719e03', 0, 366),
('2017-01-24', '585a23ded73408ce4f3e6fe2', 0, 367),
('2017-01-24', '5768c3c3c2f0db084a1f0bfb', 0, 368),
('2017-01-24', '584a75a0d73408ce4f3bd7b8', 0, 369),
('2017-01-24', '572dbfdfc43b8c6019719df8', 0, 370),
('2017-01-24', '572db47ac43b8c6019719add', 0, 371),
('2017-01-24', '572dbb5dc43b8c6019719ced', 0, 372),
('2017-01-24', '572db9b9c43b8c6019719c65', 0, 373),
('2017-01-24', '586795e1d73408ce4f405a21', 0, 374),
('2017-01-24', '572db99dc43b8c6019719c2b', 0, 375),
('2017-01-24', '570c8779187bb6f0eadf021f', 0, 376),
('2017-01-24', '572db9acc43b8c6019719c51', 0, 377),
('2017-01-24', '572db487c43b8c6019719ae5', 0, 378),
('2017-01-24', '572dbdc5c43b8c6019719da4', 0, 379),
('2017-01-24', '572f4f4fc43b8c601971c263', 0, 380),
('2017-01-24', '5747ec38c43b8c6019753a00', 0, 381),
('2017-01-24', '5747e961c43b8c6019753969', 0, 382),
('2017-01-24', '572326cd659847a7aff51be7', 0, 383),
('2017-01-24', '5714c730187bb6f0eadffc3b', 0, 384),
('2017-01-24', '572db97cc43b8c6019719be7', 0, 385),
('2017-01-24', '572db90dc43b8c6019719bbf', 0, 386),
('2017-01-24', '572db346c43b8c6019719a6d', 0, 387),
('2017-01-24', '570b8fd6187bb6f0eadee01e', 0, 388),
('2017-01-24', '57187e57659847a7aff3cded', 0, 389),
('2017-01-24', '57452541c43b8c601974c505', 0, 390),
('2017-01-24', '5745217bc43b8c601974c4cb', 0, 391),
('2017-01-24', '58185b68d73408ce4f3244be', 0, 392),
('2017-01-24', '572db5e3c43b8c6019719b3c', 0, 393),
('2017-01-24', '57452798c43b8c601974c556', 0, 394),
('2017-01-24', '570b90b8187bb6f0eadee051', 0, 395),
('2017-01-24', '5747df5ec43b8c60197537ae', 0, 396),
('2017-01-24', '572db3e0c43b8c6019719acd', 0, 397),
('2017-01-30', '546fc9f1db8155e6700d6e8c', 1260, 1),
('2017-01-30', '572d97e4c43b8c60197197fc', 352, 2),
('2017-01-30', '570f30b3187bb6f0eadf5f12', 347, 3),
('2017-01-30', '572d8aa3c43b8c60197196a0', 330, 4),
('2017-01-30', '57341956c43b8c6019727044', 320, 5),
('2017-01-30', '5700ce87187bb6f0eadd9cdb', 320, 6),
('2017-01-30', '5714a656187bb6f0eadff754', 318, 7),
('2017-01-30', '57176ff15a458cafb0af6d8b', 315, 8),
('2017-01-30', '5433c4b0163965c9bc209625', 306, 9),
('2017-01-30', '572718dfc43b8c601970bc63', 302, 10),
('2017-01-30', '572db383c43b8c6019719aac', 300, 11),
('2017-01-30', '5747e37dc43b8c6019753872', 297, 12),
('2017-01-30', '572db369c43b8c6019719a8a', 291, 13),
('2017-01-30', '571772d65a458cafb0af6e02', 290, 14),
('2017-01-30', '570b9cad187bb6f0eadee285', 283, 15),
('2017-01-30', '5747e332c43b8c6019753829', 283, 16),
('2017-01-30', '570baf74187bb6f0eadee5a1', 282, 17),
('2017-01-30', '5727270dc43b8c601970be32', 276, 18),
('2017-01-30', '5715b48e187bb6f0eae01e04', 272, 19),
('2017-01-30', '575d85b4c2f0db084a1d7835', 264, 20),
('2017-01-30', '5799a78d40f3a6eec05cd6b1', 258, 21),
('2017-01-30', '5714c7bd187bb6f0eadffc67', 251, 22),
('2017-01-30', '57109db2187bb6f0eadf908d', 249, 23),
('2017-01-30', '5757cb8dc43b8c6019787853', 249, 24),
('2017-01-30', '5747dc76c43b8c6019753726', 243, 25),
('2017-01-30', '582485a3d73408ce4f34f7dc', 243, 26),
('2017-01-30', '5778c989c2f0db084a212da7', 241, 27),
('2017-01-30', '5747e360c43b8c6019753863', 235, 28),
('2017-01-30', '5768c131c2f0db084a1f0b3d', 233, 29),
('2017-01-30', '572dce33c43b8c6019719fc0', 226, 30),
('2017-01-30', '572dbc4cc43b8c6019719d4d', 225, 31),
('2017-01-30', '572dbc35c43b8c6019719d1e', 225, 32),
('2017-01-30', '572db9c4c43b8c6019719c7a', 225, 33),
('2017-01-30', '57232a2b659847a7aff51c41', 224, 34),
('2017-01-30', '571ee68d659847a7aff483ce', 221, 35),
('2017-01-30', '576ed9b7c2f0db084a1fe5be', 220, 36),
('2017-01-30', '572d85d4c43b8c60197195f8', 218, 37),
('2017-01-30', '5829daffd73408ce4f35cb19', 217, 38),
('2017-01-30', '57b476f040f3a6eec05ff2e9', 217, 39),
('2017-01-30', '570b9162187bb6f0eadee08e', 216, 40),
('2017-01-30', '5768c1dfc2f0db084a1f0b91', 214, 41),
('2017-01-30', '5768c34bc2f0db084a1f0be6', 213, 42),
('2017-01-30', '578210f7c2f0db084a224b72', 211, 43),
('2017-01-30', '5768c121c2f0db084a1f0b37', 211, 44),
('2017-01-30', '579877ea40f3a6eec05cabba', 210, 45),
('2017-01-30', '5768c13ac2f0db084a1f0b48', 209, 46),
('2017-01-30', '576904e8c2f0db084a1f1467', 209, 47),
('2017-01-30', '5768c11dc2f0db084a1f0b32', 208, 48),
('2017-01-30', '572db50dc43b8c6019719b0d', 208, 49),
('2017-01-30', '5768c143c2f0db084a1f0b4d', 205, 50),
('2017-01-30', '57594273c2f0db084a1cf7d5', 204, 51),
('2017-01-30', '58037b8ad73408ce4f2e9b1d', 202, 52),
('2017-01-30', '57271797c43b8c601970bc5a', 201, 53),
('2017-01-30', '572db374c43b8c6019719aa5', 201, 54),
('2017-01-30', '5798733340f3a6eec05caac4', 201, 55),
('2017-01-30', '579873f540f3a6eec05caaf4', 199, 56),
('2017-01-30', '571da45d659847a7aff45afd', 198, 57),
('2017-01-30', '57271ae0c43b8c601970bc9f', 196, 58),
('2017-01-30', '5768c119c2f0db084a1f0b2d', 194, 59),
('2017-01-30', '5768c172c2f0db084a1f0b6c', 193, 60),
('2017-01-30', '5768c148c2f0db084a1f0b54', 188, 61),
('2017-01-30', '5719e469659847a7aff3fc0c', 188, 62),
('2017-01-30', '57176ff25a458cafb0af6d8f', 187, 63),
('2017-01-30', '572db6edc43b8c6019719b65', 186, 64),
('2017-01-30', '5768c150c2f0db084a1f0b60', 184, 65),
('2017-01-30', '572db6f9c43b8c6019719b6b', 183, 66),
('2017-01-30', '57271b4dc43b8c601970bcb3', 183, 67),
('2017-01-30', '5768c112c2f0db084a1f0b28', 179, 68),
('2017-01-30', '572dbc35c43b8c6019719d22', 175, 69),
('2017-01-30', '57679bc5c2f0db084a1ed8d6', 169, 70),
('2017-01-30', '5768c15ec2f0db084a1f0b66', 163, 71),
('2017-01-30', '576b59a1c2f0db084a1f7264', 162, 72),
('2017-01-30', '572d8543c43b8c60197195e0', 161, 73),
('2017-01-30', '572db150c43b8c6019719a2a', 154, 74),
('2017-01-30', '5757c8b2c43b8c6019787800', 154, 75),
('2017-01-30', '5798733e40f3a6eec05caac9', 153, 76),
('2017-01-30', '572d894ec43b8c601971966a', 151, 77),
('2017-01-30', '572dbc4cc43b8c6019719d52', 149, 78),
('2017-01-30', '572d934ec43b8c60197197a0', 147, 79),
('2017-01-30', '5768c133c2f0db084a1f0b42', 144, 80),
('2017-01-30', '579879d040f3a6eec05cac3e', 142, 81),
('2017-01-30', '570a6857187bb6f0eadec072', 141, 82),
('2017-01-30', '572db34bc43b8c6019719a73', 141, 83),
('2017-01-30', '570a5d04187bb6f0eadebf73', 140, 84),
('2017-01-30', '5768c384c2f0db084a1f0bed', 140, 85),
('2017-01-30', '5747e3b1c43b8c6019753881', 138, 86),
('2017-01-30', '579878e840f3a6eec05cabec', 137, 87),
('2017-01-30', '574c1b9fc43b8c601975b288', 133, 88),
('2017-01-30', '572db982c43b8c6019719bec', 133, 89),
('2017-01-30', '5768c5dac2f0db084a1f0c31', 132, 90),
('2017-01-30', '579e023340f3a6eec05d4add', 130, 91),
('2017-01-30', '572db996c43b8c6019719c06', 129, 92),
('2017-01-30', '572ac9d5c43b8c60197138e7', 129, 93),
('2017-01-30', '572db36bc43b8c6019719a94', 128, 94),
('2017-01-30', '572db36ac43b8c6019719a8f', 126, 95),
('2017-01-30', '572db98bc43b8c6019719bf2', 126, 96),
('2017-01-30', '572eb2bbc43b8c601971b629', 124, 97),
('2017-01-30', '575ba081c2f0db084a1d47e4', 121, 98),
('2017-01-30', '572db4fdc43b8c6019719b07', 121, 99),
('2017-01-30', '5747de5ac43b8c6019753780', 120, 100),
('2017-01-30', '5768c4e6c2f0db084a1f0c1a', 120, 101),
('2017-01-30', '579877cd40f3a6eec05cabad', 119, 102),
('2017-01-30', '570a74b1187bb6f0eadec1cc', 118, 103),
('2017-01-30', '5721b881659847a7aff4e8ff', 118, 104),
('2017-01-30', '5798f2c740f3a6eec05cc1e0', 113, 105),
('2017-01-30', '57b93afc40f3a6eec06087fd', 113, 106),
('2017-01-30', '572dbc43c43b8c6019719d3d', 112, 107),
('2017-01-30', '572db34dc43b8c6019719a78', 112, 108),
('2017-01-30', '570b91da187bb6f0eadee0a4', 112, 109),
('2017-01-30', '572dbc30c43b8c6019719d14', 112, 110),
('2017-01-30', '579873d740f3a6eec05caaec', 112, 111),
('2017-01-30', '572db56dc43b8c6019719b24', 112, 112),
('2017-01-30', '5768c103c2f0db084a1f0b23', 111, 113),
('2017-01-30', '579877ca40f3a6eec05caba7', 111, 114),
('2017-01-30', '572db3cac43b8c6019719ac2', 110, 115),
('2017-01-30', '572dbc7dc43b8c6019719d67', 110, 116),
('2017-01-30', '575bb875c2f0db084a1d4ae7', 109, 117),
('2017-01-30', '572dbc43c43b8c6019719d3a', 107, 118),
('2017-01-30', '572dbc43c43b8c6019719d37', 106, 119),
('2017-01-30', '575bb87dc2f0db084a1d4aed', 105, 120),
('2017-01-30', '572dbc35c43b8c6019719d25', 105, 121),
('2017-01-30', '570b8e93187bb6f0eadedfde', 102, 122),
('2017-01-30', '572dbc37c43b8c6019719d2f', 102, 123),
('2017-01-30', '572d8a3fc43b8c6019719693', 101, 124),
('2017-01-30', '572dbc33c43b8c6019719d19', 100, 125),
('2017-01-30', '5798792e40f3a6eec05cac08', 100, 126),
('2017-01-30', '5757cdcdc43b8c601978789d', 98, 127),
('2017-01-30', '5768c298c2f0db084a1f0bc4', 98, 128),
('2017-01-30', '572dbe7bc43b8c6019719db9', 97, 129),
('2017-01-30', '572db948c43b8c6019719bd0', 96, 130),
('2017-01-30', '572db996c43b8c6019719c0c', 95, 131),
('2017-01-30', '572db993c43b8c6019719bfd', 95, 132),
('2017-01-30', '575ebc5ac2f0db084a1d9e56', 94, 133),
('2017-01-30', '572db36ec43b8c6019719a99', 93, 134),
('2017-01-30', '572db6e1c43b8c6019719b60', 91, 135),
('2017-01-30', '5768c2c2c2f0db084a1f0bcc', 91, 136),
('2017-01-30', '579874d040f3a6eec05cab17', 90, 137),
('2017-01-30', '572db9a7c43b8c6019719c4a', 88, 138),
('2017-01-30', '572d8c00c43b8c60197196ba', 86, 139),
('2017-01-30', '570b90ed187bb6f0eadee068', 82, 140),
('2017-01-30', '572db99fc43b8c6019719c35', 82, 141),
('2017-01-30', '572db998c43b8c6019719c1e', 82, 142),
('2017-01-30', '570e591a187bb6f0eadf435c', 82, 143),
('2017-01-30', '5768c270c2f0db084a1f0bb4', 82, 144),
('2017-01-30', '570b927e187bb6f0eadee0c6', 82, 145),
('2017-01-30', '5798741340f3a6eec05caafb', 81, 146),
('2017-01-30', '572db9a2c43b8c6019719c43', 79, 147),
('2017-01-30', '572db997c43b8c6019719c19', 79, 148),
('2017-01-30', '57a5788f40f3a6eec05e2e66', 76, 149),
('2017-01-30', '572db959c43b8c6019719bdb', 76, 150),
('2017-01-30', '572d87d4c43b8c6019719635', 76, 151),
('2017-01-30', '575ba9a7c2f0db084a1d4940', 76, 152),
('2017-01-30', '572db4b4c43b8c6019719af2', 76, 153),
('2017-01-30', '58678dcfd73408ce4f4058bd', 75, 154),
('2017-01-30', '575bacbac2f0db084a1d49cc', 75, 155),
('2017-01-30', '572db9a1c43b8c6019719c3e', 74, 156),
('2017-01-30', '572dbc36c43b8c6019719d2a', 74, 157),
('2017-01-30', '573d763dc43b8c601973c39e', 74, 158),
('2017-01-30', '572db971c43b8c6019719be2', 74, 159),
('2017-01-30', '58688deed73408ce4f407155', 74, 160),
('2017-01-30', '572db9f5c43b8c6019719c97', 74, 161),
('2017-01-30', '57f135b0d73408ce4f2b1aa6', 74, 162),
('2017-01-30', '573d7662c43b8c601973c3ab', 73, 163),
('2017-01-30', '575e90e5c2f0db084a1d973c', 73, 164),
('2017-01-30', '575ba3dbc2f0db084a1d484c', 73, 165),
('2017-01-30', '5747db60c43b8c60197536e8', 72, 166),
('2017-01-30', '575bb065c2f0db084a1d4a49', 72, 167),
('2017-01-30', '575bb882c2f0db084a1d4af4', 71, 168),
('2017-01-30', '572dbf61c43b8c6019719dd4', 70, 169),
('2017-01-30', '572dbc5cc43b8c6019719d5a', 70, 170),
('2017-01-30', '573d7742c43b8c601973c3d8', 69, 171),
('2017-01-30', '582aae54d73408ce4f35f393', 69, 172),
('2017-01-30', '58678de8d73408ce4f4058e4', 69, 173),
('2017-01-30', '573d7719c43b8c601973c3d0', 69, 174),
('2017-01-30', '572dbc83c43b8c6019719d6f', 67, 175),
('2017-01-30', '5798737540f3a6eec05caadc', 67, 176),
('2017-01-30', '579875e340f3a6eec05cab4d', 66, 177),
('2017-01-30', '586795a6d73408ce4f405a17', 66, 178),
('2017-01-30', '5798724a40f3a6eec05caaa1', 66, 179),
('2017-01-30', '575ba45cc2f0db084a1d486c', 66, 180),
('2017-01-30', '5798773440f3a6eec05cab8b', 66, 181),
('2017-01-30', '575bac59c2f0db084a1d49a9', 65, 182),
('2017-01-30', '572dbb3ec43b8c6019719ce6', 65, 183),
('2017-01-30', '5764fd83c2f0db084a1e9270', 64, 184),
('2017-01-30', '570b92ab187bb6f0eadee0d4', 64, 185),
('2017-01-30', '579873c240f3a6eec05caae3', 64, 186),
('2017-01-30', '572db35fc43b8c6019719a83', 63, 187),
('2017-01-30', '572db99ec43b8c6019719c30', 62, 188),
('2017-01-30', '572db9cfc43b8c6019719c86', 61, 189),
('2017-01-30', '575bb88cc2f0db084a1d4b0b', 61, 190),
('2017-01-30', '572dbddbc43b8c6019719dab', 61, 191),
('2017-01-30', '572dbfb1c43b8c6019719de5', 61, 192),
('2017-01-30', '5768c59dc2f0db084a1f0c2b', 59, 193),
('2017-01-30', '5798769d40f3a6eec05cab79', 59, 194),
('2017-01-30', '579872e540f3a6eec05caabb', 59, 195),
('2017-01-30', '572d9bb1c43b8c601971985a', 56, 196),
('2017-01-30', '579877a840f3a6eec05cab99', 56, 197),
('2017-01-30', '5798775940f3a6eec05cab91', 56, 198),
('2017-01-30', '572dbaa8c43b8c6019719ccb', 54, 199),
('2017-01-30', '572db98ec43b8c6019719bf7', 54, 200),
('2017-01-30', '578e016cc2f0db084a23a746', 54, 201),
('2017-01-30', '5747e334c43b8c601975382e', 54, 202),
('2017-01-30', '575eb765c2f0db084a1d9d87', 54, 203),
('2017-01-30', '578e0176c2f0db084a23a753', 54, 204),
('2017-01-30', '578e012bc2f0db084a23a708', 53, 205),
('2017-01-30', '575ba59ec2f0db084a1d48a1', 53, 206),
('2017-01-30', '575bae0ec2f0db084a1d49f9', 52, 207),
('2017-01-30', '5747dc99c43b8c601975372d', 52, 208),
('2017-01-30', '572db9bbc43b8c6019719c6b', 52, 209),
('2017-01-30', '5747e33cc43b8c6019753844', 52, 210),
('2017-01-30', '572db54dc43b8c6019719b1c', 51, 211),
('2017-01-30', '573d7585c43b8c601973c37a', 51, 212),
('2017-01-30', '575bb8ddc2f0db084a1d4b41', 51, 213),
('2017-01-30', '575baca5c2f0db084a1d49bd', 50, 214),
('2017-01-30', '5798852a40f3a6eec05cadf3', 50, 215),
('2017-01-30', '5747df8dc43b8c60197537bc', 50, 216),
('2017-01-30', '578e01bcc2f0db084a23a783', 49, 217),
('2017-01-30', '578e0166c2f0db084a23a731', 49, 218),
('2017-01-30', '579875f840f3a6eec05cab57', 49, 219),
('2017-01-30', '572db9b4c43b8c6019719c60', 49, 220),
('2017-01-30', '57987aef40f3a6eec05cac96', 49, 221),
('2017-01-30', '575bacffc2f0db084a1d49df', 48, 222),
('2017-01-30', '575ba258c2f0db084a1d481b', 48, 223),
('2017-01-30', '573d7817c43b8c601973c416', 48, 224),
('2017-01-30', '5714c8a8187bb6f0eadffc9d', 48, 225),
('2017-01-30', '579874e640f3a6eec05cab23', 48, 226),
('2017-01-30', '578e0198c2f0db084a23a779', 48, 227),
('2017-01-30', '578e018ec2f0db084a23a768', 47, 228),
('2017-01-30', '575bb92bc2f0db084a1d4b61', 46, 229),
('2017-01-30', '58678dd9d73408ce4f4058d8', 46, 230),
('2017-01-30', '572dbd95c43b8c6019719d9d', 45, 231),
('2017-01-30', '58678debd73408ce4f4058e8', 45, 232),
('2017-01-30', '572db21fc43b8c6019719a57', 44, 233),
('2017-01-30', '572db92fc43b8c6019719bc8', 44, 234),
('2017-01-30', '575ba28ac2f0db084a1d4825', 44, 235),
('2017-01-30', '576a489ac2f0db084a1f4678', 44, 236),
('2017-01-30', '572dbc8fc43b8c6019719d77', 44, 237),
('2017-01-30', '572db9c1c43b8c6019719c71', 44, 238),
('2017-01-30', '578e0163c2f0db084a23a728', 44, 239),
('2017-01-30', '572db99bc43b8c6019719c26', 44, 240),
('2017-01-30', '575ba379c2f0db084a1d4840', 43, 241),
('2017-01-30', '572db9f1c43b8c6019719c91', 43, 242),
('2017-01-30', '572db9c3c43b8c6019719c76', 43, 243),
('2017-01-30', '575bb848c2f0db084a1d4ac5', 43, 244),
('2017-01-30', '578e0161c2f0db084a23a720', 42, 245),
('2017-01-30', '578e016bc2f0db084a23a741', 41, 246),
('2017-01-30', '575bac57c2f0db084a1d49a5', 41, 247),
('2017-01-30', '572dce06c43b8c6019719fba', 40, 248),
('2017-01-30', '578dd3f2c2f0db084a23a080', 40, 249),
('2017-01-30', '578f3657c2f0db084a23cf18', 40, 250),
('2017-01-30', '5798784640f3a6eec05cabd3', 39, 251),
('2017-01-30', '5747e42dc43b8c601975389c', 39, 252),
('2017-01-30', '575bb874c2f0db084a1d4ae2', 39, 253),
('2017-01-30', '575baf2ac2f0db084a1d4a27', 39, 254),
('2017-01-30', '575baacec2f0db084a1d496f', 38, 255),
('2017-01-30', '5798791e40f3a6eec05cac01', 38, 256),
('2017-01-30', '575ba798c2f0db084a1d48d7', 38, 257),
('2017-01-30', '578e0168c2f0db084a23a73b', 38, 258),
('2017-01-30', '570b8cec187bb6f0eadedf63', 38, 259),
('2017-01-30', '575ba52ac2f0db084a1d488d', 38, 260),
('2017-01-30', '5717af17659847a7aff3b634', 37, 261),
('2017-01-30', '572db4dbc43b8c6019719b00', 37, 262),
('2017-01-30', '575bb887c2f0db084a1d4aff', 37, 263),
('2017-01-30', '575bae60c2f0db084a1d4a08', 37, 264),
('2017-01-30', '573d7706c43b8c601973c3ca', 37, 265),
('2017-01-30', '572dba84c43b8c6019719cbd', 37, 266),
('2017-01-30', '572db77bc43b8c6019719b88', 36, 267),
('2017-01-30', '57987a9140f3a6eec05cac7f', 36, 268),
('2017-01-30', '575bb88dc2f0db084a1d4b10', 35, 269),
('2017-01-30', '578e0167c2f0db084a23a736', 35, 270),
('2017-01-30', '572dba6cc43b8c6019719cb5', 35, 271),
('2017-01-30', '578e0166c2f0db084a23a72d', 34, 272),
('2017-01-30', '572dba05c43b8c6019719ca0', 34, 273),
('2017-01-30', '578e017fc2f0db084a23a760', 33, 274),
('2017-01-30', '578e017bc2f0db084a23a75a', 33, 275),
('2017-01-30', '575bb8e4c2f0db084a1d4b48', 33, 276),
('2017-01-30', '575bb88dc2f0db084a1d4b14', 33, 277),
('2017-01-30', '575ba809c2f0db084a1d48f3', 32, 278),
('2017-01-30', '572db4adc43b8c6019719aea', 32, 279),
('2017-01-30', '5747e33ac43b8c6019753839', 32, 280),
('2017-01-30', '575baadec2f0db084a1d4976', 31, 281),
('2017-01-30', '575fc29ec2f0db084a1dc346', 31, 282),
('2017-01-30', '575ba88bc2f0db084a1d4901', 31, 283),
('2017-01-30', '575bab09c2f0db084a1d497d', 31, 284),
('2017-01-30', '572d8efdc43b8c6019719708', 31, 285),
('2017-01-30', '575baa4bc2f0db084a1d495c', 30, 286),
('2017-01-30', '575bb8c0c2f0db084a1d4b34', 30, 287),
('2017-01-30', '575baa0cc2f0db084a1d4955', 30, 288),
('2017-01-30', '575baa55c2f0db084a1d4963', 30, 289),
('2017-01-30', '5798794240f3a6eec05cac0e', 28, 290),
('2017-01-30', '5747e3cac43b8c601975388d', 27, 291),
('2017-01-30', '57c83d9b40f3a6eec062b675', 27, 292),
('2017-01-30', '58678ebcd73408ce4f405942', 27, 293),
('2017-01-30', '570e4e84187bb6f0eadf4172', 27, 294),
('2017-01-30', '585c9c06d73408ce4f3eddf6', 27, 295),
('2017-01-30', '575ba928c2f0db084a1d4918', 26, 296),
('2017-01-30', '575ba96ec2f0db084a1d4927', 26, 297),
('2017-01-30', '5714c8dd187bb6f0eadffcac', 25, 298),
('2017-01-30', '578e0193c2f0db084a23a771', 25, 299),
('2017-01-30', '575ba2fcc2f0db084a1d4835', 25, 300),
('2017-01-30', '5798783a40f3a6eec05cabc8', 24, 301),
('2017-01-30', '572dbfb5c43b8c6019719dea', 23, 302),
('2017-01-30', '5747e37ac43b8c601975386a', 23, 303),
('2017-01-30', '5714c5d0187bb6f0eadffbf5', 23, 304),
('2017-01-30', '578e01ccc2f0db084a23a78a', 23, 305),
('2017-01-30', '575bb888c2f0db084a1d4b04', 23, 306),
('2017-01-30', '578e0160c2f0db084a23a719', 22, 307),
('2017-01-30', '575bb929c2f0db084a1d4b57', 22, 308),
('2017-01-30', '576a480ec2f0db084a1f4636', 22, 309),
('2017-01-30', '58678ed8d73408ce4f405953', 22, 310),
('2017-01-30', '575bb886c2f0db084a1d4afa', 22, 311),
('2017-01-30', '578e01cdc2f0db084a23a78f', 22, 312),
('2017-01-30', '575bb929c2f0db084a1d4b5a', 22, 313),
('2017-01-30', '57987a5a40f3a6eec05cac6c', 22, 314),
('2017-01-30', '5747e335c43b8c6019753833', 21, 315),
('2017-01-30', '5714c634187bb6f0eadffc0a', 21, 316),
('2017-01-30', '5747e34bc43b8c6019753852', 21, 317),
('2017-01-30', '578e0138c2f0db084a23a70d', 21, 318),
('2017-01-30', '5714c684187bb6f0eadffc1d', 21, 319),
('2017-01-30', '5747e343c43b8c601975384b', 21, 320),
('2017-01-30', '5747e33bc43b8c601975383e', 20, 321),
('2017-01-30', '5714c66f187bb6f0eadffc12', 20, 322),
('2017-01-30', '579c75cd40f3a6eec05d2a93', 20, 323),
('2017-01-30', '570e2d2a187bb6f0eadf3c27', 19, 324),
('2017-01-30', '5768c1aac2f0db084a1f0b7d', 19, 325),
('2017-01-30', '570b90e9187bb6f0eadee063', 19, 326),
('2017-01-30', '576a4855c2f0db084a1f4666', 19, 327),
('2017-01-30', '5747e35ac43b8c601975385e', 18, 328),
('2017-01-30', '575bab20c2f0db084a1d4986', 18, 329),
('2017-01-30', '575bb86fc2f0db084a1d4add', 18, 330),
('2017-01-30', '573d7d3ac43b8c601973c4e1', 17, 331),
('2017-01-30', '578e0228c2f0db084a23a7ae', 17, 332),
('2017-01-30', '585b4af0d73408ce4f3ea49a', 17, 333),
('2017-01-30', '5714c70f187bb6f0eadffc35', 17, 334),
('2017-01-30', '575bb8bec2f0db084a1d4b2d', 17, 335),
('2017-01-30', '57e2264140f3a6eec0666a6d', 16, 336),
('2017-01-30', '575bb8b9c2f0db084a1d4b28', 16, 337),
('2017-01-30', '575bc7eec2f0db084a1d4c87', 16, 338),
('2017-01-30', '578e0161c2f0db084a23a71c', 16, 339),
('2017-01-30', '5747e34fc43b8c6019753857', 16, 340),
('2017-01-30', '5747e3cac43b8c6019753890', 15, 341),
('2017-01-30', '5768c213c2f0db084a1f0b9e', 15, 342),
('2017-01-30', '575bb8c4c2f0db084a1d4b39', 12, 343),
('2017-01-30', '570b9106187bb6f0eadee07a', 11, 344),
('2017-01-30', '570b90fc187bb6f0eadee074', 11, 345),
('2017-01-30', '5714c818187bb6f0eadffc76', 11, 346),
('2017-01-30', '58496de4d73408ce4f3ba5ec', 11, 347),
('2017-01-30', '5714c78e187bb6f0eadffc5f', 10, 348),
('2017-01-30', '578e01e7c2f0db084a23a79c', 10, 349),
('2017-01-30', '575badc6c2f0db084a1d49ef', 9, 350),
('2017-01-30', '58678ea3d73408ce4f405934', 9, 351),
('2017-01-30', '575bb901c2f0db084a1d4b4f', 9, 352),
('2017-01-30', '57696046c2f0db084a1f2486', 9, 353),
('2017-01-30', '579875f440f3a6eec05cab52', 7, 354),
('2017-01-30', '572db387c43b8c6019719ab1', 6, 355),
('2017-01-30', '5714c78d187bb6f0eadffc5b', 6, 356),
('2017-01-30', '5714c75b187bb6f0eadffc44', 4, 357),
('2017-01-30', '587776e8d73408ce4f4307f2', 4, 358),
('2017-01-30', '5714c7fa187bb6f0eadffc70', 3, 359),
('2017-01-30', '572de886c43b8c601971a221', 2, 360),
('2017-01-30', '570b91f0187bb6f0eadee0ad', 2, 361),
('2017-01-30', '572dc02cc43b8c6019719e0a', 1, 362),
('2017-01-30', '572dc2f5c43b8c6019719e76', 1, 363),
('2017-01-30', '575bc850c2f0db084a1d4c98', 1, 364),
('2017-01-30', '56fe8519187bb6f0eadd5ff1', 1, 365),
('2017-01-30', '572dbff6c43b8c6019719e03', 0, 366),
('2017-01-30', '585a23ded73408ce4f3e6fe2', 0, 367),
('2017-01-30', '5768c3c3c2f0db084a1f0bfb', 0, 368),
('2017-01-30', '584a75a0d73408ce4f3bd7b8', 0, 369),
('2017-01-30', '572dbfdfc43b8c6019719df8', 0, 370),
('2017-01-30', '572db47ac43b8c6019719add', 0, 371),
('2017-01-30', '572dbb5dc43b8c6019719ced', 0, 372),
('2017-01-30', '572db9b9c43b8c6019719c65', 0, 373),
('2017-01-30', '586795e1d73408ce4f405a21', 0, 374),
('2017-01-30', '572db99dc43b8c6019719c2b', 0, 375),
('2017-01-30', '570c8779187bb6f0eadf021f', 0, 376),
('2017-01-30', '572db9acc43b8c6019719c51', 0, 377),
('2017-01-30', '572db487c43b8c6019719ae5', 0, 378),
('2017-01-30', '572dbdc5c43b8c6019719da4', 0, 379),
('2017-01-30', '572f4f4fc43b8c601971c263', 0, 380),
('2017-01-30', '5747ec38c43b8c6019753a00', 0, 381),
('2017-01-30', '5747e961c43b8c6019753969', 0, 382),
('2017-01-30', '572326cd659847a7aff51be7', 0, 383),
('2017-01-30', '5714c730187bb6f0eadffc3b', 0, 384),
('2017-01-30', '572db97cc43b8c6019719be7', 0, 385),
('2017-01-30', '572db90dc43b8c6019719bbf', 0, 386),
('2017-01-30', '572db346c43b8c6019719a6d', 0, 387),
('2017-01-30', '570b8fd6187bb6f0eadee01e', 0, 388),
('2017-01-30', '57187e57659847a7aff3cded', 0, 389),
('2017-01-30', '57452541c43b8c601974c505', 0, 390),
('2017-01-30', '5745217bc43b8c601974c4cb', 0, 391),
('2017-01-30', '58185b68d73408ce4f3244be', 0, 392),
('2017-01-30', '572db5e3c43b8c6019719b3c', 0, 393),
('2017-01-30', '57452798c43b8c601974c556', 0, 394),
('2017-01-30', '570b90b8187bb6f0eadee051', 0, 395),
('2017-01-30', '5747df5ec43b8c60197537ae', 0, 396),
('2017-01-30', '572db3e0c43b8c6019719acd', 0, 397),
('2017-02-17', '546fc9f1db8155e6700d6e8c', 1267, 1),
('2017-02-17', '570f30b3187bb6f0eadf5f12', 347, 3),
('2017-02-17', '572d8aa3c43b8c60197196a0', 330, 4),
('2017-02-17', '57341956c43b8c6019727044', 320, 5),
('2017-02-17', '5700ce87187bb6f0eadd9cdb', 320, 6),
('2017-02-17', '5714a656187bb6f0eadff754', 318, 7),
('2017-02-17', '57176ff15a458cafb0af6d8b', 315, 8),
('2017-02-17', '5433c4b0163965c9bc209625', 308, 9),
('2017-02-17', '572718dfc43b8c601970bc63', 302, 10),
('2017-02-17', '572db383c43b8c6019719aac', 300, 11),
('2017-02-17', '5747e37dc43b8c6019753872', 297, 12),
('2017-02-17', '571772d65a458cafb0af6e02', 290, 14),
('2017-02-17', '570b9cad187bb6f0eadee285', 283, 15),
('2017-02-17', '5747e332c43b8c6019753829', 283, 16),
('2017-02-17', '570baf74187bb6f0eadee5a1', 282, 17),
('2017-02-17', '5727270dc43b8c601970be32', 276, 18),
('2017-02-17', '5715b48e187bb6f0eae01e04', 272, 19),
('2017-02-17', '575d85b4c2f0db084a1d7835', 264, 20),
('2017-02-17', '5799a78d40f3a6eec05cd6b1', 258, 21),
('2017-02-17', '5714c7bd187bb6f0eadffc67', 251, 22),
('2017-02-17', '57109db2187bb6f0eadf908d', 249, 23),
('2017-02-17', '5757cb8dc43b8c6019787853', 249, 24),
('2017-02-17', '582485a3d73408ce4f34f7dc', 243, 25),
('2017-02-17', '5747dc76c43b8c6019753726', 243, 27),
('2017-02-17', '5778c989c2f0db084a212da7', 243, 26),
('2017-02-17', '5747e360c43b8c6019753863', 235, 28),
('2017-02-17', '5768c131c2f0db084a1f0b3d', 233, 29),
('2017-02-17', '572dce33c43b8c6019719fc0', 226, 30),
('2017-02-17', '572dbc4cc43b8c6019719d4d', 225, 32),
('2017-02-17', '572db9c4c43b8c6019719c7a', 225, 33),
('2017-02-17', '572dbc35c43b8c6019719d1e', 225, 31),
('2017-02-17', '57232a2b659847a7aff51c41', 224, 34),
('2017-02-17', '5829daffd73408ce4f35cb19', 222, 35),
('2017-02-17', '571ee68d659847a7aff483ce', 221, 36),
('2017-02-17', '576ed9b7c2f0db084a1fe5be', 220, 37),
('2017-02-17', '572d85d4c43b8c60197195f8', 218, 38),
('2017-02-17', '57b476f040f3a6eec05ff2e9', 217, 39),
('2017-02-17', '570b9162187bb6f0eadee08e', 216, 40),
('2017-02-17', '5768c1dfc2f0db084a1f0b91', 214, 41),
('2017-02-17', '5768c34bc2f0db084a1f0be6', 213, 42),
('2017-02-17', '578210f7c2f0db084a224b72', 211, 43),
('2017-02-17', '579877ea40f3a6eec05cabba', 210, 45),
('2017-02-17', '5768c13ac2f0db084a1f0b48', 209, 46),
('2017-02-17', '576904e8c2f0db084a1f1467', 209, 47),
('2017-02-17', '5768c11dc2f0db084a1f0b32', 208, 49),
('2017-02-17', '572db50dc43b8c6019719b0d', 208, 48),
('2017-02-17', '5768c143c2f0db084a1f0b4d', 205, 50),
('2017-02-17', '57594273c2f0db084a1cf7d5', 204, 51),
('2017-02-17', '579873f540f3a6eec05caaf4', 203, 52),
('2017-02-17', '58037b8ad73408ce4f2e9b1d', 202, 53),
('2017-02-17', '572db374c43b8c6019719aa5', 201, 56),
('2017-02-17', '57271797c43b8c601970bc5a', 201, 54),
('2017-02-17', '5798733340f3a6eec05caac4', 201, 55),
('2017-02-17', '571da45d659847a7aff45afd', 198, 57),
('2017-02-17', '57271ae0c43b8c601970bc9f', 196, 58),
('2017-02-17', '5768c119c2f0db084a1f0b2d', 194, 59),
('2017-02-17', '5768c172c2f0db084a1f0b6c', 193, 60),
('2017-02-17', '5719e469659847a7aff3fc0c', 188, 62),
('2017-02-17', '5768c148c2f0db084a1f0b54', 188, 61),
('2017-02-17', '57176ff25a458cafb0af6d8f', 187, 63),
('2017-02-17', '572db6edc43b8c6019719b65', 186, 64),
('2017-02-17', '5768c150c2f0db084a1f0b60', 184, 65),
('2017-02-17', '572db6f9c43b8c6019719b6b', 183, 67),
('2017-02-17', '57271b4dc43b8c601970bcb3', 183, 66),
('2017-02-17', '5768c112c2f0db084a1f0b28', 179, 68),
('2017-02-17', '572dbc35c43b8c6019719d22', 175, 69),
('2017-02-17', '57679bc5c2f0db084a1ed8d6', 169, 70),
('2017-02-17', '5768c15ec2f0db084a1f0b66', 163, 71),
('2017-02-17', '576b59a1c2f0db084a1f7264', 162, 72),
('2017-02-17', '572d8543c43b8c60197195e0', 161, 73),
('2017-02-17', '5757c8b2c43b8c6019787800', 154, 75),
('2017-02-17', '5798733e40f3a6eec05caac9', 153, 76),
('2017-02-17', '579878e840f3a6eec05cabec', 152, 77),
('2017-02-17', '572d894ec43b8c601971966a', 151, 78),
('2017-02-17', '572dbc4cc43b8c6019719d52', 149, 79),
('2017-02-17', '572d934ec43b8c60197197a0', 147, 80),
('2017-02-17', '5768c133c2f0db084a1f0b42', 144, 81),
('2017-02-17', '579879d040f3a6eec05cac3e', 142, 82),
('2017-02-17', '570a6857187bb6f0eadec072', 141, 83),
('2017-02-17', '570a5d04187bb6f0eadebf73', 140, 86),
('2017-02-17', '5747e3b1c43b8c6019753881', 138, 87),
('2017-02-17', '574c1b9fc43b8c601975b288', 133, 89),
('2017-02-17', '572db982c43b8c6019719bec', 133, 88),
('2017-02-17', '5768c5dac2f0db084a1f0c31', 132, 90),
('2017-02-17', '579e023340f3a6eec05d4add', 130, 91),
('2017-02-17', '572ac9d5c43b8c60197138e7', 129, 93),
('2017-02-17', '572db996c43b8c6019719c06', 129, 92),
('2017-02-17', '572db36bc43b8c6019719a94', 128, 94),
('2017-02-17', '572db98bc43b8c6019719bf2', 126, 95),
('2017-02-17', '572eb2bbc43b8c601971b629', 124, 97),
('2017-02-17', '575ba081c2f0db084a1d47e4', 121, 98),
('2017-02-17', '572db4fdc43b8c6019719b07', 121, 99),
('2017-02-17', '5768c4e6c2f0db084a1f0c1a', 120, 101),
('2017-02-17', '5747de5ac43b8c6019753780', 120, 100),
('2017-02-17', '579877cd40f3a6eec05cabad', 119, 102),
('2017-02-17', '5721b881659847a7aff4e8ff', 118, 104),
('2017-02-17', '570a74b1187bb6f0eadec1cc', 118, 103),
('2017-02-17', '57b93afc40f3a6eec06087fd', 113, 106),
('2017-02-17', '5798f2c740f3a6eec05cc1e0', 113, 105),
('2017-02-17', '572dbc30c43b8c6019719d14', 112, 110),
('2017-02-17', '572dbc43c43b8c6019719d3d', 112, 107),
('2017-02-17', '570b91da187bb6f0eadee0a4', 112, 109),
('2017-02-17', '579873d740f3a6eec05caaec', 112, 111),
('2017-02-17', '572db56dc43b8c6019719b24', 112, 112),
('2017-02-17', '5768c103c2f0db084a1f0b23', 111, 113),
('2017-02-17', '579877ca40f3a6eec05caba7', 111, 114),
('2017-02-17', '572dbc7dc43b8c6019719d67', 110, 116),
('2017-02-17', '572db3cac43b8c6019719ac2', 110, 115),
('2017-02-17', '575bb875c2f0db084a1d4ae7', 109, 117),
('2017-02-17', '572dbc43c43b8c6019719d3a', 107, 118),
('2017-02-17', '572dbc43c43b8c6019719d37', 106, 119),
('2017-02-17', '575bb87dc2f0db084a1d4aed', 105, 120),
('2017-02-17', '572dbc35c43b8c6019719d25', 105, 121),
('2017-02-17', '570b8e93187bb6f0eadedfde', 102, 122),
('2017-02-17', '572dbc37c43b8c6019719d2f', 102, 123),
('2017-02-17', '572d8a3fc43b8c6019719693', 101, 124),
('2017-02-17', '572dbc33c43b8c6019719d19', 100, 125),
('2017-02-17', '5798792e40f3a6eec05cac08', 100, 126),
('2017-02-17', '5768c298c2f0db084a1f0bc4', 98, 128),
('2017-02-17', '5757cdcdc43b8c601978789d', 98, 127),
('2017-02-17', '572dbe7bc43b8c6019719db9', 97, 129),
('2017-02-17', '572db948c43b8c6019719bd0', 96, 130),
('2017-02-17', '572db996c43b8c6019719c0c', 95, 131),
('2017-02-17', '572db993c43b8c6019719bfd', 95, 132),
('2017-02-17', '575ebc5ac2f0db084a1d9e56', 94, 133),
('2017-02-17', '572db36ec43b8c6019719a99', 93, 134),
('2017-02-17', '572db6e1c43b8c6019719b60', 91, 135),
('2017-02-17', '5768c2c2c2f0db084a1f0bcc', 91, 136),
('2017-02-17', '579874d040f3a6eec05cab17', 90, 137),
('2017-02-17', '572db9a7c43b8c6019719c4a', 88, 138),
('2017-02-17', '572d8c00c43b8c60197196ba', 86, 139),
('2017-02-17', '572db998c43b8c6019719c1e', 82, 142),
('2017-02-17', '570e591a187bb6f0eadf435c', 82, 143),
('2017-02-17', '570b90ed187bb6f0eadee068', 82, 140),
('2017-02-17', '572db99fc43b8c6019719c35', 82, 141),
('2017-02-17', '5768c270c2f0db084a1f0bb4', 82, 144),
('2017-02-17', '570b927e187bb6f0eadee0c6', 82, 145),
('2017-02-17', '5798741340f3a6eec05caafb', 81, 146),
('2017-02-17', '572db997c43b8c6019719c19', 79, 148),
('2017-02-17', '572db9a2c43b8c6019719c43', 79, 147),
('2017-02-17', '572db4b4c43b8c6019719af2', 76, 153),
('2017-02-17', '572d87d4c43b8c6019719635', 76, 151),
('2017-02-17', '572db959c43b8c6019719bdb', 76, 150),
('2017-02-17', '57a5788f40f3a6eec05e2e66', 76, 149),
('2017-02-17', '575ba9a7c2f0db084a1d4940', 76, 152),
('2017-02-17', '58678dcfd73408ce4f4058bd', 75, 154),
('2017-02-17', '575bacbac2f0db084a1d49cc', 75, 155),
('2017-02-17', '572db971c43b8c6019719be2', 74, 159),
('2017-02-17', '573d763dc43b8c601973c39e', 74, 158),
('2017-02-17', '57f135b0d73408ce4f2b1aa6', 74, 162),
('2017-02-17', '572db9a1c43b8c6019719c3e', 74, 156),
('2017-02-17', '572dbc36c43b8c6019719d2a', 74, 157),
('2017-02-17', '572db9f5c43b8c6019719c97', 74, 161),
('2017-02-17', '58688deed73408ce4f407155', 74, 160),
('2017-02-17', '575ba3dbc2f0db084a1d484c', 73, 165),
('2017-02-17', '573d7662c43b8c601973c3ab', 73, 163),
('2017-02-17', '575e90e5c2f0db084a1d973c', 73, 164),
('2017-02-17', '5747db60c43b8c60197536e8', 72, 166),
('2017-02-17', '575bb065c2f0db084a1d4a49', 72, 167),
('2017-02-17', '575bb882c2f0db084a1d4af4', 71, 168),
('2017-02-17', '572dbc5cc43b8c6019719d5a', 70, 170),
('2017-02-17', '572dbf61c43b8c6019719dd4', 70, 169),
('2017-02-17', '582aae54d73408ce4f35f393', 69, 172),
('2017-02-17', '573d7719c43b8c601973c3d0', 69, 174),
('2017-02-17', '573d7742c43b8c601973c3d8', 69, 171),
('2017-02-17', '58678de8d73408ce4f4058e4', 69, 173),
('2017-02-17', '572dbc83c43b8c6019719d6f', 67, 175),
('2017-02-17', '5798737540f3a6eec05caadc', 67, 176),
('2017-02-17', '586795a6d73408ce4f405a17', 66, 178),
('2017-02-17', '575ba45cc2f0db084a1d486c', 66, 180),
('2017-02-17', '5798724a40f3a6eec05caaa1', 66, 179),
('2017-02-17', '579875e340f3a6eec05cab4d', 66, 177),
('2017-02-17', '5798773440f3a6eec05cab8b', 66, 181),
('2017-02-17', '570b92ab187bb6f0eadee0d4', 65, 182),
('2017-02-17', '572dbb3ec43b8c6019719ce6', 65, 184),
('2017-02-17', '575bac59c2f0db084a1d49a9', 65, 183),
('2017-02-17', '5764fd83c2f0db084a1e9270', 64, 185),
('2017-02-17', '579873c240f3a6eec05caae3', 64, 186),
('2017-02-17', '572db99ec43b8c6019719c30', 62, 188),
('2017-02-17', '575bb88cc2f0db084a1d4b0b', 61, 190),
('2017-02-17', '572dbddbc43b8c6019719dab', 61, 191),
('2017-02-17', '572dbfb1c43b8c6019719de5', 61, 192),
('2017-02-17', '572db9cfc43b8c6019719c86', 61, 189),
('2017-02-17', '5768c59dc2f0db084a1f0c2b', 59, 193),
('2017-02-17', '5798769d40f3a6eec05cab79', 59, 194);
INSERT INTO `daily_update` (`r_date`, `uid`, `points`, `rank`) VALUES
('2017-02-17', '579872e540f3a6eec05caabb', 59, 195),
('2017-02-17', '579877a840f3a6eec05cab99', 56, 197),
('2017-02-17', '5798775940f3a6eec05cab91', 56, 198),
('2017-02-17', '578e016cc2f0db084a23a746', 54, 201),
('2017-02-17', '572db98ec43b8c6019719bf7', 54, 200),
('2017-02-17', '572dbaa8c43b8c6019719ccb', 54, 199),
('2017-02-17', '578e0176c2f0db084a23a753', 54, 204),
('2017-02-17', '575eb765c2f0db084a1d9d87', 54, 203),
('2017-02-17', '5747e334c43b8c601975382e', 54, 202),
('2017-02-17', '578e012bc2f0db084a23a708', 53, 205),
('2017-02-17', '575ba59ec2f0db084a1d48a1', 53, 206),
('2017-02-17', '572db9bbc43b8c6019719c6b', 52, 209),
('2017-02-17', '575bae0ec2f0db084a1d49f9', 52, 207),
('2017-02-17', '5747dc99c43b8c601975372d', 52, 208),
('2017-02-17', '5747e33cc43b8c6019753844', 52, 210),
('2017-02-17', '573d7585c43b8c601973c37a', 51, 212),
('2017-02-17', '572db54dc43b8c6019719b1c', 51, 211),
('2017-02-17', '575bb8ddc2f0db084a1d4b41', 51, 213),
('2017-02-17', '575baca5c2f0db084a1d49bd', 50, 214),
('2017-02-17', '5798852a40f3a6eec05cadf3', 50, 215),
('2017-02-17', '5747df8dc43b8c60197537bc', 50, 216),
('2017-02-17', '579875f840f3a6eec05cab57', 49, 219),
('2017-02-17', '57987aef40f3a6eec05cac96', 49, 221),
('2017-02-17', '578e01bcc2f0db084a23a783', 49, 217),
('2017-02-17', '578e0166c2f0db084a23a731', 49, 218),
('2017-02-17', '572db9b4c43b8c6019719c60', 49, 220),
('2017-02-17', '578e0198c2f0db084a23a779', 48, 227),
('2017-02-17', '573d7817c43b8c601973c416', 48, 224),
('2017-02-17', '5714c8a8187bb6f0eadffc9d', 48, 225),
('2017-02-17', '575ba258c2f0db084a1d481b', 48, 223),
('2017-02-17', '579874e640f3a6eec05cab23', 48, 226),
('2017-02-17', '575bacffc2f0db084a1d49df', 48, 222),
('2017-02-17', '578e018ec2f0db084a23a768', 47, 228),
('2017-02-17', '575bb92bc2f0db084a1d4b61', 46, 229),
('2017-02-17', '58678dd9d73408ce4f4058d8', 46, 230),
('2017-02-17', '572dbd95c43b8c6019719d9d', 45, 231),
('2017-02-17', '58678debd73408ce4f4058e8', 45, 232),
('2017-02-17', '572db92fc43b8c6019719bc8', 44, 234),
('2017-02-17', '572db99bc43b8c6019719c26', 44, 241),
('2017-02-17', '572db9c1c43b8c6019719c71', 44, 239),
('2017-02-17', '576a489ac2f0db084a1f4678', 44, 236),
('2017-02-17', '575ba28ac2f0db084a1d4825', 44, 235),
('2017-02-17', '572dbc8fc43b8c6019719d77', 44, 238),
('2017-02-17', '578e0163c2f0db084a23a728', 44, 240),
('2017-02-17', '578dd3f2c2f0db084a23a080', 44, 237),
('2017-02-17', '572db9f1c43b8c6019719c91', 43, 243),
('2017-02-17', '572db9c3c43b8c6019719c76', 43, 244),
('2017-02-17', '575bb848c2f0db084a1d4ac5', 43, 245),
('2017-02-17', '575ba379c2f0db084a1d4840', 43, 242),
('2017-02-17', '578e0161c2f0db084a23a720', 42, 246),
('2017-02-17', '578e016bc2f0db084a23a741', 41, 247),
('2017-02-17', '575bac57c2f0db084a1d49a5', 41, 248),
('2017-02-17', '572dce06c43b8c6019719fba', 40, 250),
('2017-02-17', '578f3657c2f0db084a23cf18', 40, 249),
('2017-02-17', '575baf2ac2f0db084a1d4a27', 39, 254),
('2017-02-17', '575bb874c2f0db084a1d4ae2', 39, 253),
('2017-02-17', '5798784640f3a6eec05cabd3', 39, 251),
('2017-02-17', '5747e42dc43b8c601975389c', 39, 252),
('2017-02-17', '578e0168c2f0db084a23a73b', 38, 258),
('2017-02-17', '5798791e40f3a6eec05cac01', 38, 256),
('2017-02-17', '575baacec2f0db084a1d496f', 38, 255),
('2017-02-17', '575ba798c2f0db084a1d48d7', 38, 257),
('2017-02-17', '570b8cec187bb6f0eadedf63', 38, 259),
('2017-02-17', '575ba52ac2f0db084a1d488d', 38, 260),
('2017-02-17', '575bae60c2f0db084a1d4a08', 37, 264),
('2017-02-17', '573d7706c43b8c601973c3ca', 37, 265),
('2017-02-17', '572db4dbc43b8c6019719b00', 37, 262),
('2017-02-17', '572dba84c43b8c6019719cbd', 37, 266),
('2017-02-17', '575bb887c2f0db084a1d4aff', 37, 263),
('2017-02-17', '5717af17659847a7aff3b634', 37, 261),
('2017-02-17', '57987a9140f3a6eec05cac7f', 36, 268),
('2017-02-17', '572db77bc43b8c6019719b88', 36, 267),
('2017-02-17', '578e0167c2f0db084a23a736', 35, 270),
('2017-02-17', '575bb88dc2f0db084a1d4b10', 35, 269),
('2017-02-17', '572dba6cc43b8c6019719cb5', 35, 271),
('2017-02-17', '578e0166c2f0db084a23a72d', 34, 272),
('2017-02-17', '572dba05c43b8c6019719ca0', 34, 273),
('2017-02-17', '578e017fc2f0db084a23a760', 33, 274),
('2017-02-17', '575bb88dc2f0db084a1d4b14', 33, 277),
('2017-02-17', '578e017bc2f0db084a23a75a', 33, 275),
('2017-02-17', '575bb8e4c2f0db084a1d4b48', 33, 276),
('2017-02-17', '575ba809c2f0db084a1d48f3', 32, 278),
('2017-02-17', '5747e33ac43b8c6019753839', 32, 280),
('2017-02-17', '572db4adc43b8c6019719aea', 32, 279),
('2017-02-17', '575baadec2f0db084a1d4976', 31, 281),
('2017-02-17', '575fc29ec2f0db084a1dc346', 31, 282),
('2017-02-17', '572d8efdc43b8c6019719708', 31, 285),
('2017-02-17', '575bab09c2f0db084a1d497d', 31, 284),
('2017-02-17', '575ba88bc2f0db084a1d4901', 31, 283),
('2017-02-17', '575baa55c2f0db084a1d4963', 30, 289),
('2017-02-17', '575bb8c0c2f0db084a1d4b34', 30, 287),
('2017-02-17', '575baa0cc2f0db084a1d4955', 30, 288),
('2017-02-17', '575baa4bc2f0db084a1d495c', 30, 286),
('2017-02-17', '5798794240f3a6eec05cac0e', 28, 290),
('2017-02-17', '5747e3cac43b8c601975388d', 27, 291),
('2017-02-17', '585c9c06d73408ce4f3eddf6', 27, 295),
('2017-02-17', '57c83d9b40f3a6eec062b675', 27, 292),
('2017-02-17', '570e4e84187bb6f0eadf4172', 27, 294),
('2017-02-17', '58678ebcd73408ce4f405942', 27, 293),
('2017-02-17', '575ba928c2f0db084a1d4918', 26, 296),
('2017-02-17', '575ba96ec2f0db084a1d4927', 26, 297),
('2017-02-17', '575ba2fcc2f0db084a1d4835', 25, 300),
('2017-02-17', '5714c8dd187bb6f0eadffcac', 25, 298),
('2017-02-17', '578e0193c2f0db084a23a771', 25, 299),
('2017-02-17', '5798783a40f3a6eec05cabc8', 24, 301),
('2017-02-17', '572dbfb5c43b8c6019719dea', 23, 302),
('2017-02-17', '5714c5d0187bb6f0eadffbf5', 23, 304),
('2017-02-17', '575bb888c2f0db084a1d4b04', 23, 306),
('2017-02-17', '5747e37ac43b8c601975386a', 23, 303),
('2017-02-17', '578e01ccc2f0db084a23a78a', 23, 305),
('2017-02-17', '578e0160c2f0db084a23a719', 22, 307),
('2017-02-17', '576a480ec2f0db084a1f4636', 22, 309),
('2017-02-17', '575bb929c2f0db084a1d4b5a', 22, 313),
('2017-02-17', '57987a5a40f3a6eec05cac6c', 22, 314),
('2017-02-17', '575bb929c2f0db084a1d4b57', 22, 308),
('2017-02-17', '578e01cdc2f0db084a23a78f', 22, 312),
('2017-02-17', '58678ed8d73408ce4f405953', 22, 310),
('2017-02-17', '575bb886c2f0db084a1d4afa', 22, 311),
('2017-02-17', '5747e335c43b8c6019753833', 21, 315),
('2017-02-17', '5714c634187bb6f0eadffc0a', 21, 316),
('2017-02-17', '5714c684187bb6f0eadffc1d', 21, 319),
('2017-02-17', '5747e343c43b8c601975384b', 21, 320),
('2017-02-17', '5747e34bc43b8c6019753852', 21, 317),
('2017-02-17', '578e0138c2f0db084a23a70d', 21, 318),
('2017-02-17', '5714c66f187bb6f0eadffc12', 20, 322),
('2017-02-17', '5747e33bc43b8c601975383e', 20, 321),
('2017-02-17', '579c75cd40f3a6eec05d2a93', 20, 323),
('2017-02-17', '570b90e9187bb6f0eadee063', 19, 326),
('2017-02-17', '570e2d2a187bb6f0eadf3c27', 19, 324),
('2017-02-17', '576a4855c2f0db084a1f4666', 19, 327),
('2017-02-17', '5768c1aac2f0db084a1f0b7d', 19, 325),
('2017-02-17', '575bb86fc2f0db084a1d4add', 18, 330),
('2017-02-17', '5747e35ac43b8c601975385e', 18, 328),
('2017-02-17', '575bab20c2f0db084a1d4986', 18, 329),
('2017-02-17', '575bb8bec2f0db084a1d4b2d', 17, 335),
('2017-02-17', '585b4af0d73408ce4f3ea49a', 17, 333),
('2017-02-17', '578e0228c2f0db084a23a7ae', 17, 332),
('2017-02-17', '5714c70f187bb6f0eadffc35', 17, 334),
('2017-02-17', '573d7d3ac43b8c601973c4e1', 17, 331),
('2017-02-17', '575bb8b9c2f0db084a1d4b28', 16, 337),
('2017-02-17', '575bc7eec2f0db084a1d4c87', 16, 338),
('2017-02-17', '5747e34fc43b8c6019753857', 16, 340),
('2017-02-17', '578e0161c2f0db084a23a71c', 16, 339),
('2017-02-17', '57e2264140f3a6eec0666a6d', 16, 336),
('2017-02-17', '5768c213c2f0db084a1f0b9e', 15, 342),
('2017-02-17', '5747e3cac43b8c6019753890', 15, 341),
('2017-02-17', '575bb8c4c2f0db084a1d4b39', 12, 343),
('2017-02-17', '570b9106187bb6f0eadee07a', 11, 344),
('2017-02-17', '5714c818187bb6f0eadffc76', 11, 346),
('2017-02-17', '58496de4d73408ce4f3ba5ec', 11, 347),
('2017-02-17', '570b90fc187bb6f0eadee074', 11, 345),
('2017-02-17', '578e01e7c2f0db084a23a79c', 10, 349),
('2017-02-17', '5714c78e187bb6f0eadffc5f', 10, 348),
('2017-02-17', '575badc6c2f0db084a1d49ef', 9, 350),
('2017-02-17', '575bb901c2f0db084a1d4b4f', 9, 352),
('2017-02-17', '57696046c2f0db084a1f2486', 9, 353),
('2017-02-17', '58678ea3d73408ce4f405934', 9, 351),
('2017-02-17', '579875f440f3a6eec05cab52', 7, 354),
('2017-02-17', '5714c78d187bb6f0eadffc5b', 6, 356),
('2017-02-17', '572db387c43b8c6019719ab1', 6, 355),
('2017-02-17', '587776e8d73408ce4f4307f2', 4, 358),
('2017-02-17', '5714c75b187bb6f0eadffc44', 4, 357),
('2017-02-17', '5714c7fa187bb6f0eadffc70', 3, 359),
('2017-02-17', '570b91f0187bb6f0eadee0ad', 2, 361),
('2017-02-17', '572de886c43b8c601971a221', 2, 360),
('2017-02-17', '575bc850c2f0db084a1d4c98', 1, 364),
('2017-02-17', '572dc2f5c43b8c6019719e76', 1, 363),
('2017-02-17', '572dc02cc43b8c6019719e0a', 1, 362),
('2017-02-17', '56fe8519187bb6f0eadd5ff1', 1, 365),
('2017-02-17', '58185b68d73408ce4f3244be', 0, 392),
('2017-02-17', '5768c384c2f0db084a1f0bed', 140, 85),
('2017-02-17', '572db34bc43b8c6019719a73', 141, 84),
('2017-02-17', '5768c3c3c2f0db084a1f0bfb', 0, 368),
('2017-02-17', '5714c730187bb6f0eadffc3b', 0, 384),
('2017-02-17', '572db346c43b8c6019719a6d', 0, 387),
('2017-02-17', '572db21fc43b8c6019719a57', 44, 233),
('2017-02-17', '572d9bb1c43b8c601971985a', 56, 196),
('2017-02-17', '570c8779187bb6f0eadf021f', 0, 376),
('2017-02-17', '586795e1d73408ce4f405a21', 0, 374),
('2017-02-17', '572326cd659847a7aff51be7', 0, 383),
('2017-02-17', '5768c121c2f0db084a1f0b37', 211, 44),
('2017-02-17', '572d97e4c43b8c60197197fc', 352, 2),
('2017-02-17', '584a75a0d73408ce4f3bd7b8', 0, 369),
('2017-02-17', '585a23ded73408ce4f3e6fe2', 0, 367),
('2017-02-17', '572db150c43b8c6019719a2a', 154, 74),
('2017-02-17', '572db36ac43b8c6019719a8f', 126, 96),
('2017-02-17', '572db9acc43b8c6019719c51', 0, 377),
('2017-02-17', '572db9b9c43b8c6019719c65', 0, 373),
('2017-02-17', '572db99dc43b8c6019719c2b', 0, 375),
('2017-02-17', '572db97cc43b8c6019719be7', 0, 385),
('2017-02-17', '5747df5ec43b8c60197537ae', 0, 396),
('2017-02-17', '57452798c43b8c601974c556', 0, 394),
('2017-02-17', '572dbb5dc43b8c6019719ced', 0, 372),
('2017-02-17', '572dbfdfc43b8c6019719df8', 0, 370),
('2017-02-17', '572dbff6c43b8c6019719e03', 0, 366),
('2017-02-17', '5745217bc43b8c601974c4cb', 0, 391),
('2017-02-17', '572dbdc5c43b8c6019719da4', 0, 379),
('2017-02-17', '57452541c43b8c601974c505', 0, 390),
('2017-02-17', '572db90dc43b8c6019719bbf', 0, 386),
('2017-02-17', '572db5e3c43b8c6019719b3c', 0, 393),
('2017-02-17', '572f4f4fc43b8c601971c263', 0, 380),
('2017-02-17', '5747ec38c43b8c6019753a00', 0, 381),
('2017-02-17', '572db369c43b8c6019719a8a', 291, 13),
('2017-02-17', '57187e57659847a7aff3cded', 0, 389),
('2017-02-17', '572db35fc43b8c6019719a83', 63, 187),
('2017-02-17', '572db3e0c43b8c6019719acd', 0, 397),
('2017-02-17', '5747e961c43b8c6019753969', 0, 382),
('2017-02-17', '570b90b8187bb6f0eadee051', 0, 395),
('2017-02-17', '572db487c43b8c6019719ae5', 0, 378),
('2017-02-17', '570b8fd6187bb6f0eadee01e', 0, 388),
('2017-02-17', '572db47ac43b8c6019719add', 0, 371),
('2017-02-17', '572db34dc43b8c6019719a78', 112, 108),
('2017-02-21', '546fc9f1db8155e6700d6e8c', 1268, 1),
('2017-02-21', '572d97e4c43b8c60197197fc', 352, 2),
('2017-02-21', '570f30b3187bb6f0eadf5f12', 347, 3),
('2017-02-21', '572d8aa3c43b8c60197196a0', 330, 4),
('2017-02-21', '57341956c43b8c6019727044', 320, 5),
('2017-02-21', '5700ce87187bb6f0eadd9cdb', 320, 6),
('2017-02-21', '5714a656187bb6f0eadff754', 318, 7),
('2017-02-21', '57176ff15a458cafb0af6d8b', 315, 8),
('2017-02-21', '5433c4b0163965c9bc209625', 308, 9),
('2017-02-21', '572718dfc43b8c601970bc63', 302, 10),
('2017-02-21', '572db383c43b8c6019719aac', 300, 11),
('2017-02-21', '5747e37dc43b8c6019753872', 297, 12),
('2017-02-21', '572db369c43b8c6019719a8a', 291, 13),
('2017-02-21', '571772d65a458cafb0af6e02', 290, 14),
('2017-02-21', '570b9cad187bb6f0eadee285', 283, 15),
('2017-02-21', '5747e332c43b8c6019753829', 283, 16),
('2017-02-21', '570baf74187bb6f0eadee5a1', 282, 17),
('2017-02-21', '5727270dc43b8c601970be32', 276, 18),
('2017-02-21', '5715b48e187bb6f0eae01e04', 272, 19),
('2017-02-21', '575d85b4c2f0db084a1d7835', 264, 20),
('2017-02-21', '5799a78d40f3a6eec05cd6b1', 258, 21),
('2017-02-21', '5714c7bd187bb6f0eadffc67', 251, 22),
('2017-02-21', '57109db2187bb6f0eadf908d', 249, 23),
('2017-02-21', '5757cb8dc43b8c6019787853', 249, 24),
('2017-02-21', '582485a3d73408ce4f34f7dc', 243, 25),
('2017-02-21', '5778c989c2f0db084a212da7', 243, 26),
('2017-02-21', '5747dc76c43b8c6019753726', 243, 27),
('2017-02-21', '5747e360c43b8c6019753863', 235, 28),
('2017-02-21', '5768c131c2f0db084a1f0b3d', 233, 29),
('2017-02-21', '572dce33c43b8c6019719fc0', 226, 30),
('2017-02-21', '572dbc35c43b8c6019719d1e', 225, 31),
('2017-02-21', '572dbc4cc43b8c6019719d4d', 225, 32),
('2017-02-21', '572db9c4c43b8c6019719c7a', 225, 33),
('2017-02-21', '57232a2b659847a7aff51c41', 224, 34),
('2017-02-21', '5829daffd73408ce4f35cb19', 222, 35),
('2017-02-21', '571ee68d659847a7aff483ce', 221, 36),
('2017-02-21', '576ed9b7c2f0db084a1fe5be', 220, 37),
('2017-02-21', '572d85d4c43b8c60197195f8', 218, 38),
('2017-02-21', '57b476f040f3a6eec05ff2e9', 217, 39),
('2017-02-21', '570b9162187bb6f0eadee08e', 216, 40),
('2017-02-21', '5768c1dfc2f0db084a1f0b91', 214, 41),
('2017-02-21', '5768c34bc2f0db084a1f0be6', 213, 42),
('2017-02-21', '578210f7c2f0db084a224b72', 211, 43),
('2017-02-21', '5768c121c2f0db084a1f0b37', 211, 44),
('2017-02-21', '579877ea40f3a6eec05cabba', 210, 45),
('2017-02-21', '5768c13ac2f0db084a1f0b48', 209, 46),
('2017-02-21', '576904e8c2f0db084a1f1467', 209, 47),
('2017-02-21', '572db50dc43b8c6019719b0d', 208, 48),
('2017-02-21', '5768c11dc2f0db084a1f0b32', 208, 49),
('2017-02-21', '5768c143c2f0db084a1f0b4d', 205, 50),
('2017-02-21', '57594273c2f0db084a1cf7d5', 204, 51),
('2017-02-21', '579873f540f3a6eec05caaf4', 203, 52),
('2017-02-21', '58037b8ad73408ce4f2e9b1d', 202, 53),
('2017-02-21', '57271797c43b8c601970bc5a', 201, 54),
('2017-02-21', '5798733340f3a6eec05caac4', 201, 55),
('2017-02-21', '572db374c43b8c6019719aa5', 201, 56),
('2017-02-21', '571da45d659847a7aff45afd', 198, 57),
('2017-02-21', '57271ae0c43b8c601970bc9f', 196, 58),
('2017-02-21', '5768c119c2f0db084a1f0b2d', 194, 59),
('2017-02-21', '5768c172c2f0db084a1f0b6c', 193, 60),
('2017-02-21', '5768c148c2f0db084a1f0b54', 188, 61),
('2017-02-21', '5719e469659847a7aff3fc0c', 188, 62),
('2017-02-21', '57176ff25a458cafb0af6d8f', 187, 63),
('2017-02-21', '572db6edc43b8c6019719b65', 186, 64),
('2017-02-21', '5768c150c2f0db084a1f0b60', 184, 65),
('2017-02-21', '57271b4dc43b8c601970bcb3', 183, 66),
('2017-02-21', '572db6f9c43b8c6019719b6b', 183, 67),
('2017-02-21', '5768c112c2f0db084a1f0b28', 179, 68),
('2017-02-21', '572dbc35c43b8c6019719d22', 175, 69),
('2017-02-21', '57679bc5c2f0db084a1ed8d6', 169, 70),
('2017-02-21', '5768c15ec2f0db084a1f0b66', 163, 71),
('2017-02-21', '576b59a1c2f0db084a1f7264', 162, 72),
('2017-02-21', '572d8543c43b8c60197195e0', 161, 73),
('2017-02-21', '572db150c43b8c6019719a2a', 154, 74),
('2017-02-21', '5757c8b2c43b8c6019787800', 154, 75),
('2017-02-21', '5798733e40f3a6eec05caac9', 153, 76),
('2017-02-21', '579878e840f3a6eec05cabec', 152, 77),
('2017-02-21', '572d894ec43b8c601971966a', 151, 78),
('2017-02-21', '572dbc4cc43b8c6019719d52', 149, 79),
('2017-02-21', '572d934ec43b8c60197197a0', 147, 80),
('2017-02-21', '5768c133c2f0db084a1f0b42', 144, 81),
('2017-02-21', '579879d040f3a6eec05cac3e', 142, 82),
('2017-02-21', '570a6857187bb6f0eadec072', 141, 83),
('2017-02-21', '572db34bc43b8c6019719a73', 141, 84),
('2017-02-21', '5768c384c2f0db084a1f0bed', 140, 85),
('2017-02-21', '570a5d04187bb6f0eadebf73', 140, 86),
('2017-02-21', '5747e3b1c43b8c6019753881', 138, 87),
('2017-02-21', '572db982c43b8c6019719bec', 133, 88),
('2017-02-21', '574c1b9fc43b8c601975b288', 133, 89),
('2017-02-21', '5768c5dac2f0db084a1f0c31', 132, 90),
('2017-02-21', '579e023340f3a6eec05d4add', 130, 91),
('2017-02-21', '572db996c43b8c6019719c06', 129, 92),
('2017-02-21', '572ac9d5c43b8c60197138e7', 129, 93),
('2017-02-21', '572db36bc43b8c6019719a94', 128, 94),
('2017-02-21', '572db98bc43b8c6019719bf2', 126, 95),
('2017-02-21', '572db36ac43b8c6019719a8f', 126, 96),
('2017-02-21', '572eb2bbc43b8c601971b629', 124, 97),
('2017-02-21', '575ba081c2f0db084a1d47e4', 121, 98),
('2017-02-21', '572db4fdc43b8c6019719b07', 121, 99),
('2017-02-21', '5747de5ac43b8c6019753780', 120, 100),
('2017-02-21', '5768c4e6c2f0db084a1f0c1a', 120, 101),
('2017-02-21', '579877cd40f3a6eec05cabad', 119, 102),
('2017-02-21', '570a74b1187bb6f0eadec1cc', 118, 103),
('2017-02-21', '5721b881659847a7aff4e8ff', 118, 104),
('2017-02-21', '5798f2c740f3a6eec05cc1e0', 113, 105),
('2017-02-21', '57b93afc40f3a6eec06087fd', 113, 106),
('2017-02-21', '572dbc43c43b8c6019719d3d', 112, 107),
('2017-02-21', '572db34dc43b8c6019719a78', 112, 108),
('2017-02-21', '570b91da187bb6f0eadee0a4', 112, 109),
('2017-02-21', '572dbc30c43b8c6019719d14', 112, 110),
('2017-02-21', '579873d740f3a6eec05caaec', 112, 111),
('2017-02-21', '572db56dc43b8c6019719b24', 112, 112),
('2017-02-21', '5768c103c2f0db084a1f0b23', 111, 113),
('2017-02-21', '579877ca40f3a6eec05caba7', 111, 114),
('2017-02-21', '572db3cac43b8c6019719ac2', 110, 115),
('2017-02-21', '572dbc7dc43b8c6019719d67', 110, 116),
('2017-02-21', '575bb875c2f0db084a1d4ae7', 109, 117),
('2017-02-21', '572dbc43c43b8c6019719d3a', 107, 118),
('2017-02-21', '572dbc43c43b8c6019719d37', 106, 119),
('2017-02-21', '575bb87dc2f0db084a1d4aed', 105, 120),
('2017-02-21', '572dbc35c43b8c6019719d25', 105, 121),
('2017-02-21', '570b8e93187bb6f0eadedfde', 102, 122),
('2017-02-21', '572dbc37c43b8c6019719d2f', 102, 123),
('2017-02-21', '572d8a3fc43b8c6019719693', 101, 124),
('2017-02-21', '572dbc33c43b8c6019719d19', 100, 125),
('2017-02-21', '5798792e40f3a6eec05cac08', 100, 126),
('2017-02-21', '5757cdcdc43b8c601978789d', 98, 127),
('2017-02-21', '5768c298c2f0db084a1f0bc4', 98, 128),
('2017-02-21', '572dbe7bc43b8c6019719db9', 97, 129),
('2017-02-21', '572db948c43b8c6019719bd0', 96, 130),
('2017-02-21', '572db996c43b8c6019719c0c', 95, 131),
('2017-02-21', '572db993c43b8c6019719bfd', 95, 132),
('2017-02-21', '575ebc5ac2f0db084a1d9e56', 94, 133),
('2017-02-21', '572db36ec43b8c6019719a99', 93, 134),
('2017-02-21', '572db6e1c43b8c6019719b60', 91, 135),
('2017-02-21', '5768c2c2c2f0db084a1f0bcc', 91, 136),
('2017-02-21', '579874d040f3a6eec05cab17', 90, 137),
('2017-02-21', '572db9a7c43b8c6019719c4a', 88, 138),
('2017-02-21', '572d8c00c43b8c60197196ba', 86, 139),
('2017-02-21', '570b90ed187bb6f0eadee068', 82, 140),
('2017-02-21', '572db99fc43b8c6019719c35', 82, 141),
('2017-02-21', '572db998c43b8c6019719c1e', 82, 142),
('2017-02-21', '570e591a187bb6f0eadf435c', 82, 143),
('2017-02-21', '5768c270c2f0db084a1f0bb4', 82, 144),
('2017-02-21', '570b927e187bb6f0eadee0c6', 82, 145),
('2017-02-21', '5798741340f3a6eec05caafb', 81, 146),
('2017-02-21', '572db9a2c43b8c6019719c43', 79, 147),
('2017-02-21', '572db997c43b8c6019719c19', 79, 148),
('2017-02-21', '57a5788f40f3a6eec05e2e66', 76, 149),
('2017-02-21', '572db959c43b8c6019719bdb', 76, 150),
('2017-02-21', '572d87d4c43b8c6019719635', 76, 151),
('2017-02-21', '575ba9a7c2f0db084a1d4940', 76, 152),
('2017-02-21', '572db4b4c43b8c6019719af2', 76, 153),
('2017-02-21', '58678dcfd73408ce4f4058bd', 75, 154),
('2017-02-21', '575bacbac2f0db084a1d49cc', 75, 155),
('2017-02-21', '572db9a1c43b8c6019719c3e', 74, 156),
('2017-02-21', '572dbc36c43b8c6019719d2a', 74, 157),
('2017-02-21', '573d763dc43b8c601973c39e', 74, 158),
('2017-02-21', '572db971c43b8c6019719be2', 74, 159),
('2017-02-21', '58688deed73408ce4f407155', 74, 160),
('2017-02-21', '572db9f5c43b8c6019719c97', 74, 161),
('2017-02-21', '57f135b0d73408ce4f2b1aa6', 74, 162),
('2017-02-21', '573d7662c43b8c601973c3ab', 73, 163),
('2017-02-21', '575e90e5c2f0db084a1d973c', 73, 164),
('2017-02-21', '575ba3dbc2f0db084a1d484c', 73, 165),
('2017-02-21', '5747db60c43b8c60197536e8', 72, 166),
('2017-02-21', '575bb065c2f0db084a1d4a49', 72, 167),
('2017-02-21', '575bb882c2f0db084a1d4af4', 71, 168),
('2017-02-21', '572dbf61c43b8c6019719dd4', 70, 169),
('2017-02-21', '572dbc5cc43b8c6019719d5a', 70, 170),
('2017-02-21', '573d7742c43b8c601973c3d8', 69, 171),
('2017-02-21', '582aae54d73408ce4f35f393', 69, 172),
('2017-02-21', '58678de8d73408ce4f4058e4', 69, 173),
('2017-02-21', '573d7719c43b8c601973c3d0', 69, 174),
('2017-02-21', '572dbc83c43b8c6019719d6f', 67, 175),
('2017-02-21', '5798737540f3a6eec05caadc', 67, 176),
('2017-02-21', '579875e340f3a6eec05cab4d', 66, 177),
('2017-02-21', '586795a6d73408ce4f405a17', 66, 178),
('2017-02-21', '5798724a40f3a6eec05caaa1', 66, 179),
('2017-02-21', '575ba45cc2f0db084a1d486c', 66, 180),
('2017-02-21', '5798773440f3a6eec05cab8b', 66, 181),
('2017-02-21', '570b92ab187bb6f0eadee0d4', 65, 182),
('2017-02-21', '575bac59c2f0db084a1d49a9', 65, 183),
('2017-02-21', '572dbb3ec43b8c6019719ce6', 65, 184),
('2017-02-21', '5764fd83c2f0db084a1e9270', 64, 185),
('2017-02-21', '579873c240f3a6eec05caae3', 64, 186),
('2017-02-21', '572db35fc43b8c6019719a83', 63, 187),
('2017-02-21', '572db99ec43b8c6019719c30', 62, 188),
('2017-02-21', '572db9cfc43b8c6019719c86', 61, 189),
('2017-02-21', '575bb88cc2f0db084a1d4b0b', 61, 190),
('2017-02-21', '572dbddbc43b8c6019719dab', 61, 191),
('2017-02-21', '572dbfb1c43b8c6019719de5', 61, 192),
('2017-02-21', '5768c59dc2f0db084a1f0c2b', 59, 193),
('2017-02-21', '5798769d40f3a6eec05cab79', 59, 194),
('2017-02-21', '579872e540f3a6eec05caabb', 59, 195),
('2017-02-21', '572d9bb1c43b8c601971985a', 56, 196),
('2017-02-21', '579877a840f3a6eec05cab99', 56, 197),
('2017-02-21', '5798775940f3a6eec05cab91', 56, 198),
('2017-02-21', '572dbaa8c43b8c6019719ccb', 54, 199),
('2017-02-21', '572db98ec43b8c6019719bf7', 54, 200),
('2017-02-21', '578e016cc2f0db084a23a746', 54, 201),
('2017-02-21', '5747e334c43b8c601975382e', 54, 202),
('2017-02-21', '575eb765c2f0db084a1d9d87', 54, 203),
('2017-02-21', '578e0176c2f0db084a23a753', 54, 204),
('2017-02-21', '578e012bc2f0db084a23a708', 53, 205),
('2017-02-21', '575ba59ec2f0db084a1d48a1', 53, 206),
('2017-02-21', '575bae0ec2f0db084a1d49f9', 52, 207),
('2017-02-21', '5747dc99c43b8c601975372d', 52, 208),
('2017-02-21', '572db9bbc43b8c6019719c6b', 52, 209),
('2017-02-21', '5747e33cc43b8c6019753844', 52, 210),
('2017-02-21', '572db54dc43b8c6019719b1c', 51, 211),
('2017-02-21', '573d7585c43b8c601973c37a', 51, 212),
('2017-02-21', '575bb8ddc2f0db084a1d4b41', 51, 213),
('2017-02-21', '575baca5c2f0db084a1d49bd', 50, 214),
('2017-02-21', '5798852a40f3a6eec05cadf3', 50, 215),
('2017-02-21', '5747df8dc43b8c60197537bc', 50, 216),
('2017-02-21', '578e01bcc2f0db084a23a783', 49, 217),
('2017-02-21', '578e0166c2f0db084a23a731', 49, 218),
('2017-02-21', '579875f840f3a6eec05cab57', 49, 219),
('2017-02-21', '572db9b4c43b8c6019719c60', 49, 220),
('2017-02-21', '57987aef40f3a6eec05cac96', 49, 221),
('2017-02-21', '575bacffc2f0db084a1d49df', 48, 222),
('2017-02-21', '575ba258c2f0db084a1d481b', 48, 223),
('2017-02-21', '573d7817c43b8c601973c416', 48, 224),
('2017-02-21', '5714c8a8187bb6f0eadffc9d', 48, 225),
('2017-02-21', '579874e640f3a6eec05cab23', 48, 226),
('2017-02-21', '578e0198c2f0db084a23a779', 48, 227),
('2017-02-21', '578e018ec2f0db084a23a768', 47, 228),
('2017-02-21', '575bb92bc2f0db084a1d4b61', 46, 229),
('2017-02-21', '58678dd9d73408ce4f4058d8', 46, 230),
('2017-02-21', '572dbd95c43b8c6019719d9d', 45, 231),
('2017-02-21', '58678debd73408ce4f4058e8', 45, 232),
('2017-02-21', '572db21fc43b8c6019719a57', 44, 233),
('2017-02-21', '572db92fc43b8c6019719bc8', 44, 234),
('2017-02-21', '575ba28ac2f0db084a1d4825', 44, 235),
('2017-02-21', '576a489ac2f0db084a1f4678', 44, 236),
('2017-02-21', '578dd3f2c2f0db084a23a080', 44, 237),
('2017-02-21', '572dbc8fc43b8c6019719d77', 44, 238),
('2017-02-21', '572db9c1c43b8c6019719c71', 44, 239),
('2017-02-21', '578e0163c2f0db084a23a728', 44, 240),
('2017-02-21', '572db99bc43b8c6019719c26', 44, 241),
('2017-02-21', '575ba379c2f0db084a1d4840', 43, 242),
('2017-02-21', '572db9f1c43b8c6019719c91', 43, 243),
('2017-02-21', '572db9c3c43b8c6019719c76', 43, 244),
('2017-02-21', '575bb848c2f0db084a1d4ac5', 43, 245),
('2017-02-21', '578e0161c2f0db084a23a720', 42, 246),
('2017-02-21', '578e016bc2f0db084a23a741', 41, 247),
('2017-02-21', '575bac57c2f0db084a1d49a5', 41, 248),
('2017-02-21', '578f3657c2f0db084a23cf18', 40, 249),
('2017-02-21', '572dce06c43b8c6019719fba', 40, 250),
('2017-02-21', '5798784640f3a6eec05cabd3', 39, 251),
('2017-02-21', '5747e42dc43b8c601975389c', 39, 252),
('2017-02-21', '575bb874c2f0db084a1d4ae2', 39, 253),
('2017-02-21', '575baf2ac2f0db084a1d4a27', 39, 254),
('2017-02-21', '575baacec2f0db084a1d496f', 38, 255),
('2017-02-21', '5798791e40f3a6eec05cac01', 38, 256),
('2017-02-21', '575ba798c2f0db084a1d48d7', 38, 257),
('2017-02-21', '578e0168c2f0db084a23a73b', 38, 258),
('2017-02-21', '570b8cec187bb6f0eadedf63', 38, 259),
('2017-02-21', '575ba52ac2f0db084a1d488d', 38, 260),
('2017-02-21', '5717af17659847a7aff3b634', 37, 261),
('2017-02-21', '572db4dbc43b8c6019719b00', 37, 262),
('2017-02-21', '575bb887c2f0db084a1d4aff', 37, 263),
('2017-02-21', '575bae60c2f0db084a1d4a08', 37, 264),
('2017-02-21', '573d7706c43b8c601973c3ca', 37, 265),
('2017-02-21', '572dba84c43b8c6019719cbd', 37, 266),
('2017-02-21', '572db77bc43b8c6019719b88', 36, 267),
('2017-02-21', '57987a9140f3a6eec05cac7f', 36, 268),
('2017-02-21', '575bb88dc2f0db084a1d4b10', 35, 269),
('2017-02-21', '578e0167c2f0db084a23a736', 35, 270),
('2017-02-21', '572dba6cc43b8c6019719cb5', 35, 271),
('2017-02-21', '578e0166c2f0db084a23a72d', 34, 272),
('2017-02-21', '572dba05c43b8c6019719ca0', 34, 273),
('2017-02-21', '578e017fc2f0db084a23a760', 33, 274),
('2017-02-21', '578e017bc2f0db084a23a75a', 33, 275),
('2017-02-21', '575bb8e4c2f0db084a1d4b48', 33, 276),
('2017-02-21', '575bb88dc2f0db084a1d4b14', 33, 277),
('2017-02-21', '575ba809c2f0db084a1d48f3', 32, 278),
('2017-02-21', '572db4adc43b8c6019719aea', 32, 279),
('2017-02-21', '5747e33ac43b8c6019753839', 32, 280),
('2017-02-21', '575baadec2f0db084a1d4976', 31, 281),
('2017-02-21', '575fc29ec2f0db084a1dc346', 31, 282),
('2017-02-21', '575ba88bc2f0db084a1d4901', 31, 283),
('2017-02-21', '575bab09c2f0db084a1d497d', 31, 284),
('2017-02-21', '572d8efdc43b8c6019719708', 31, 285),
('2017-02-21', '575baa4bc2f0db084a1d495c', 30, 286),
('2017-02-21', '575bb8c0c2f0db084a1d4b34', 30, 287),
('2017-02-21', '575baa0cc2f0db084a1d4955', 30, 288),
('2017-02-21', '575baa55c2f0db084a1d4963', 30, 289),
('2017-02-21', '5798794240f3a6eec05cac0e', 28, 290),
('2017-02-21', '5747e3cac43b8c601975388d', 27, 291),
('2017-02-21', '57c83d9b40f3a6eec062b675', 27, 292),
('2017-02-21', '58678ebcd73408ce4f405942', 27, 293),
('2017-02-21', '570e4e84187bb6f0eadf4172', 27, 294),
('2017-02-21', '585c9c06d73408ce4f3eddf6', 27, 295),
('2017-02-21', '575ba928c2f0db084a1d4918', 26, 296),
('2017-02-21', '575ba96ec2f0db084a1d4927', 26, 297),
('2017-02-21', '5714c8dd187bb6f0eadffcac', 25, 298),
('2017-02-21', '578e0193c2f0db084a23a771', 25, 299),
('2017-02-21', '575ba2fcc2f0db084a1d4835', 25, 300),
('2017-02-21', '5798783a40f3a6eec05cabc8', 24, 301),
('2017-02-21', '572dbfb5c43b8c6019719dea', 23, 302),
('2017-02-21', '5747e37ac43b8c601975386a', 23, 303),
('2017-02-21', '5714c5d0187bb6f0eadffbf5', 23, 304),
('2017-02-21', '578e01ccc2f0db084a23a78a', 23, 305),
('2017-02-21', '575bb888c2f0db084a1d4b04', 23, 306),
('2017-02-21', '578e0160c2f0db084a23a719', 22, 307),
('2017-02-21', '575bb929c2f0db084a1d4b57', 22, 308),
('2017-02-21', '576a480ec2f0db084a1f4636', 22, 309),
('2017-02-21', '58678ed8d73408ce4f405953', 22, 310),
('2017-02-21', '575bb886c2f0db084a1d4afa', 22, 311),
('2017-02-21', '578e01cdc2f0db084a23a78f', 22, 312),
('2017-02-21', '575bb929c2f0db084a1d4b5a', 22, 313),
('2017-02-21', '57987a5a40f3a6eec05cac6c', 22, 314),
('2017-02-21', '5747e335c43b8c6019753833', 21, 315),
('2017-02-21', '5714c634187bb6f0eadffc0a', 21, 316),
('2017-02-21', '5747e34bc43b8c6019753852', 21, 317),
('2017-02-21', '578e0138c2f0db084a23a70d', 21, 318),
('2017-02-21', '5714c684187bb6f0eadffc1d', 21, 319),
('2017-02-21', '5747e343c43b8c601975384b', 21, 320),
('2017-02-21', '5747e33bc43b8c601975383e', 20, 321),
('2017-02-21', '5714c66f187bb6f0eadffc12', 20, 322),
('2017-02-21', '579c75cd40f3a6eec05d2a93', 20, 323),
('2017-02-21', '570e2d2a187bb6f0eadf3c27', 19, 324),
('2017-02-21', '5768c1aac2f0db084a1f0b7d', 19, 325),
('2017-02-21', '570b90e9187bb6f0eadee063', 19, 326),
('2017-02-21', '576a4855c2f0db084a1f4666', 19, 327),
('2017-02-21', '5747e35ac43b8c601975385e', 18, 328),
('2017-02-21', '575bab20c2f0db084a1d4986', 18, 329),
('2017-02-21', '575bb86fc2f0db084a1d4add', 18, 330),
('2017-02-21', '573d7d3ac43b8c601973c4e1', 17, 331),
('2017-02-21', '578e0228c2f0db084a23a7ae', 17, 332),
('2017-02-21', '585b4af0d73408ce4f3ea49a', 17, 333),
('2017-02-21', '5714c70f187bb6f0eadffc35', 17, 334),
('2017-02-21', '575bb8bec2f0db084a1d4b2d', 17, 335),
('2017-02-21', '57e2264140f3a6eec0666a6d', 16, 336),
('2017-02-21', '575bb8b9c2f0db084a1d4b28', 16, 337),
('2017-02-21', '575bc7eec2f0db084a1d4c87', 16, 338),
('2017-02-21', '578e0161c2f0db084a23a71c', 16, 339),
('2017-02-21', '5747e34fc43b8c6019753857', 16, 340),
('2017-02-21', '5747e3cac43b8c6019753890', 15, 341),
('2017-02-21', '5768c213c2f0db084a1f0b9e', 15, 342),
('2017-02-21', '575bb8c4c2f0db084a1d4b39', 12, 343),
('2017-02-21', '570b9106187bb6f0eadee07a', 11, 344),
('2017-02-21', '570b90fc187bb6f0eadee074', 11, 345),
('2017-02-21', '5714c818187bb6f0eadffc76', 11, 346),
('2017-02-21', '58496de4d73408ce4f3ba5ec', 11, 347),
('2017-02-21', '5714c78e187bb6f0eadffc5f', 10, 348),
('2017-02-21', '578e01e7c2f0db084a23a79c', 10, 349),
('2017-02-21', '575badc6c2f0db084a1d49ef', 9, 350),
('2017-02-21', '58678ea3d73408ce4f405934', 9, 351),
('2017-02-21', '575bb901c2f0db084a1d4b4f', 9, 352),
('2017-02-21', '57696046c2f0db084a1f2486', 9, 353),
('2017-02-21', '579875f440f3a6eec05cab52', 7, 354),
('2017-02-21', '572db387c43b8c6019719ab1', 6, 355),
('2017-02-21', '5714c78d187bb6f0eadffc5b', 6, 356),
('2017-02-21', '5714c75b187bb6f0eadffc44', 4, 357),
('2017-02-21', '587776e8d73408ce4f4307f2', 4, 358),
('2017-02-21', '5714c7fa187bb6f0eadffc70', 3, 359),
('2017-02-21', '572de886c43b8c601971a221', 2, 360),
('2017-02-21', '570b91f0187bb6f0eadee0ad', 2, 361),
('2017-02-21', '572dc02cc43b8c6019719e0a', 1, 362),
('2017-02-21', '572dc2f5c43b8c6019719e76', 1, 363),
('2017-02-21', '575bc850c2f0db084a1d4c98', 1, 364),
('2017-02-21', '56fe8519187bb6f0eadd5ff1', 1, 365),
('2017-02-21', '572dbff6c43b8c6019719e03', 0, 366),
('2017-02-21', '585a23ded73408ce4f3e6fe2', 0, 367),
('2017-02-21', '5768c3c3c2f0db084a1f0bfb', 0, 368),
('2017-02-21', '584a75a0d73408ce4f3bd7b8', 0, 369),
('2017-02-21', '572dbfdfc43b8c6019719df8', 0, 370),
('2017-02-21', '572db47ac43b8c6019719add', 0, 371),
('2017-02-21', '572dbb5dc43b8c6019719ced', 0, 372),
('2017-02-21', '572db9b9c43b8c6019719c65', 0, 373),
('2017-02-21', '586795e1d73408ce4f405a21', 0, 374),
('2017-02-21', '572db99dc43b8c6019719c2b', 0, 375),
('2017-02-21', '570c8779187bb6f0eadf021f', 0, 376),
('2017-02-21', '572db9acc43b8c6019719c51', 0, 377),
('2017-02-21', '572db487c43b8c6019719ae5', 0, 378),
('2017-02-21', '572dbdc5c43b8c6019719da4', 0, 379),
('2017-02-21', '572f4f4fc43b8c601971c263', 0, 380),
('2017-02-21', '5747ec38c43b8c6019753a00', 0, 381),
('2017-02-21', '5747e961c43b8c6019753969', 0, 382),
('2017-02-21', '572326cd659847a7aff51be7', 0, 383),
('2017-02-21', '5714c730187bb6f0eadffc3b', 0, 384),
('2017-02-21', '572db97cc43b8c6019719be7', 0, 385),
('2017-02-21', '572db90dc43b8c6019719bbf', 0, 386),
('2017-02-21', '572db346c43b8c6019719a6d', 0, 387),
('2017-02-21', '570b8fd6187bb6f0eadee01e', 0, 388),
('2017-02-21', '57187e57659847a7aff3cded', 0, 389),
('2017-02-21', '57452541c43b8c601974c505', 0, 390),
('2017-02-21', '5745217bc43b8c601974c4cb', 0, 391),
('2017-02-21', '58185b68d73408ce4f3244be', 0, 392),
('2017-02-21', '572db5e3c43b8c6019719b3c', 0, 393),
('2017-02-21', '57452798c43b8c601974c556', 0, 394),
('2017-02-21', '570b90b8187bb6f0eadee051', 0, 395),
('2017-02-21', '5747df5ec43b8c60197537ae', 0, 396),
('2017-02-21', '572db3e0c43b8c6019719acd', 0, 397),
('2017-02-22', '546fc9f1db8155e6700d6e8c', 1268, 1),
('2017-02-22', '572d97e4c43b8c60197197fc', 352, 2),
('2017-02-22', '570f30b3187bb6f0eadf5f12', 347, 3),
('2017-02-22', '572d8aa3c43b8c60197196a0', 330, 4),
('2017-02-22', '57341956c43b8c6019727044', 320, 5),
('2017-02-22', '5700ce87187bb6f0eadd9cdb', 320, 6),
('2017-02-22', '5714a656187bb6f0eadff754', 318, 7),
('2017-02-22', '57176ff15a458cafb0af6d8b', 315, 8),
('2017-02-22', '5433c4b0163965c9bc209625', 308, 9),
('2017-02-22', '572718dfc43b8c601970bc63', 302, 10),
('2017-02-22', '572db383c43b8c6019719aac', 300, 11),
('2017-02-22', '5747e37dc43b8c6019753872', 297, 12),
('2017-02-22', '572db369c43b8c6019719a8a', 291, 13),
('2017-02-22', '571772d65a458cafb0af6e02', 290, 14),
('2017-02-22', '570b9cad187bb6f0eadee285', 283, 15),
('2017-02-22', '5747e332c43b8c6019753829', 283, 16),
('2017-02-22', '570baf74187bb6f0eadee5a1', 282, 17),
('2017-02-22', '5727270dc43b8c601970be32', 276, 18),
('2017-02-22', '5715b48e187bb6f0eae01e04', 272, 19),
('2017-02-22', '575d85b4c2f0db084a1d7835', 264, 20),
('2017-02-22', '5799a78d40f3a6eec05cd6b1', 258, 21),
('2017-02-22', '5714c7bd187bb6f0eadffc67', 251, 22),
('2017-02-22', '57109db2187bb6f0eadf908d', 249, 23),
('2017-02-22', '5757cb8dc43b8c6019787853', 249, 24),
('2017-02-22', '582485a3d73408ce4f34f7dc', 243, 25),
('2017-02-22', '5778c989c2f0db084a212da7', 243, 26),
('2017-02-22', '5747dc76c43b8c6019753726', 243, 27),
('2017-02-22', '5747e360c43b8c6019753863', 235, 28),
('2017-02-22', '5768c131c2f0db084a1f0b3d', 233, 29),
('2017-02-22', '572dce33c43b8c6019719fc0', 226, 30),
('2017-02-22', '572dbc35c43b8c6019719d1e', 225, 31),
('2017-02-22', '572dbc4cc43b8c6019719d4d', 225, 32),
('2017-02-22', '572db9c4c43b8c6019719c7a', 225, 33),
('2017-02-22', '57232a2b659847a7aff51c41', 224, 34),
('2017-02-22', '5829daffd73408ce4f35cb19', 222, 35),
('2017-02-22', '571ee68d659847a7aff483ce', 221, 36),
('2017-02-22', '576ed9b7c2f0db084a1fe5be', 220, 37),
('2017-02-22', '572d85d4c43b8c60197195f8', 218, 38),
('2017-02-22', '57b476f040f3a6eec05ff2e9', 217, 39),
('2017-02-22', '570b9162187bb6f0eadee08e', 216, 40),
('2017-02-22', '5768c1dfc2f0db084a1f0b91', 214, 41),
('2017-02-22', '5768c34bc2f0db084a1f0be6', 213, 42),
('2017-02-22', '578210f7c2f0db084a224b72', 211, 43),
('2017-02-22', '5768c121c2f0db084a1f0b37', 211, 44),
('2017-02-22', '579877ea40f3a6eec05cabba', 210, 45),
('2017-02-22', '5768c13ac2f0db084a1f0b48', 209, 46),
('2017-02-22', '576904e8c2f0db084a1f1467', 209, 47),
('2017-02-22', '572db50dc43b8c6019719b0d', 208, 48),
('2017-02-22', '5768c11dc2f0db084a1f0b32', 208, 49),
('2017-02-22', '5768c143c2f0db084a1f0b4d', 205, 50),
('2017-02-22', '57594273c2f0db084a1cf7d5', 204, 51),
('2017-02-22', '579873f540f3a6eec05caaf4', 203, 52),
('2017-02-22', '58037b8ad73408ce4f2e9b1d', 202, 53),
('2017-02-22', '57271797c43b8c601970bc5a', 201, 54),
('2017-02-22', '5798733340f3a6eec05caac4', 201, 55),
('2017-02-22', '572db374c43b8c6019719aa5', 201, 56),
('2017-02-22', '571da45d659847a7aff45afd', 198, 57),
('2017-02-22', '57271ae0c43b8c601970bc9f', 196, 58),
('2017-02-22', '5768c119c2f0db084a1f0b2d', 194, 59),
('2017-02-22', '5768c172c2f0db084a1f0b6c', 193, 60),
('2017-02-22', '5768c148c2f0db084a1f0b54', 188, 61),
('2017-02-22', '5719e469659847a7aff3fc0c', 188, 62),
('2017-02-22', '57176ff25a458cafb0af6d8f', 187, 63),
('2017-02-22', '572db6edc43b8c6019719b65', 186, 64),
('2017-02-22', '5768c150c2f0db084a1f0b60', 184, 65),
('2017-02-22', '57271b4dc43b8c601970bcb3', 183, 66),
('2017-02-22', '572db6f9c43b8c6019719b6b', 183, 67),
('2017-02-22', '5768c112c2f0db084a1f0b28', 179, 68),
('2017-02-22', '572dbc35c43b8c6019719d22', 175, 69),
('2017-02-22', '57679bc5c2f0db084a1ed8d6', 169, 70),
('2017-02-22', '5768c15ec2f0db084a1f0b66', 163, 71),
('2017-02-22', '576b59a1c2f0db084a1f7264', 162, 72),
('2017-02-22', '572d8543c43b8c60197195e0', 161, 73),
('2017-02-22', '579878e840f3a6eec05cabec', 154, 74),
('2017-02-22', '572db150c43b8c6019719a2a', 154, 75),
('2017-02-22', '5757c8b2c43b8c6019787800', 154, 76),
('2017-02-22', '5798733e40f3a6eec05caac9', 153, 77),
('2017-02-22', '572d894ec43b8c601971966a', 151, 78),
('2017-02-22', '572dbc4cc43b8c6019719d52', 149, 79),
('2017-02-22', '572d934ec43b8c60197197a0', 147, 80),
('2017-02-22', '5768c133c2f0db084a1f0b42', 144, 81),
('2017-02-22', '579879d040f3a6eec05cac3e', 142, 82),
('2017-02-22', '570a6857187bb6f0eadec072', 141, 83),
('2017-02-22', '572db34bc43b8c6019719a73', 141, 84),
('2017-02-22', '5768c384c2f0db084a1f0bed', 140, 85),
('2017-02-22', '570a5d04187bb6f0eadebf73', 140, 86),
('2017-02-22', '5747e3b1c43b8c6019753881', 138, 87),
('2017-02-22', '572db982c43b8c6019719bec', 133, 88),
('2017-02-22', '574c1b9fc43b8c601975b288', 133, 89),
('2017-02-22', '5768c5dac2f0db084a1f0c31', 132, 90),
('2017-02-22', '579e023340f3a6eec05d4add', 130, 91),
('2017-02-22', '572db996c43b8c6019719c06', 129, 92),
('2017-02-22', '572ac9d5c43b8c60197138e7', 129, 93),
('2017-02-22', '572db36bc43b8c6019719a94', 128, 94),
('2017-02-22', '572db98bc43b8c6019719bf2', 126, 95),
('2017-02-22', '572db36ac43b8c6019719a8f', 126, 96),
('2017-02-22', '572eb2bbc43b8c601971b629', 124, 97),
('2017-02-22', '575ba081c2f0db084a1d47e4', 121, 98),
('2017-02-22', '572db4fdc43b8c6019719b07', 121, 99),
('2017-02-22', '5747de5ac43b8c6019753780', 120, 100),
('2017-02-22', '5768c4e6c2f0db084a1f0c1a', 120, 101),
('2017-02-22', '579877cd40f3a6eec05cabad', 119, 102),
('2017-02-22', '570a74b1187bb6f0eadec1cc', 118, 103),
('2017-02-22', '5721b881659847a7aff4e8ff', 118, 104),
('2017-02-22', '5798f2c740f3a6eec05cc1e0', 113, 105),
('2017-02-22', '57b93afc40f3a6eec06087fd', 113, 106),
('2017-02-22', '572dbc43c43b8c6019719d3d', 112, 107),
('2017-02-22', '572db34dc43b8c6019719a78', 112, 108),
('2017-02-22', '570b91da187bb6f0eadee0a4', 112, 109),
('2017-02-22', '572dbc30c43b8c6019719d14', 112, 110),
('2017-02-22', '579873d740f3a6eec05caaec', 112, 111),
('2017-02-22', '572db56dc43b8c6019719b24', 112, 112),
('2017-02-22', '5768c103c2f0db084a1f0b23', 111, 113),
('2017-02-22', '579877ca40f3a6eec05caba7', 111, 114),
('2017-02-22', '572db3cac43b8c6019719ac2', 110, 115),
('2017-02-22', '572dbc7dc43b8c6019719d67', 110, 116),
('2017-02-22', '575bb875c2f0db084a1d4ae7', 109, 117),
('2017-02-22', '572dbc43c43b8c6019719d3a', 107, 118),
('2017-02-22', '572dbc43c43b8c6019719d37', 106, 119),
('2017-02-22', '575bb87dc2f0db084a1d4aed', 105, 120),
('2017-02-22', '572dbc35c43b8c6019719d25', 105, 121),
('2017-02-22', '570b8e93187bb6f0eadedfde', 102, 122),
('2017-02-22', '572dbc37c43b8c6019719d2f', 102, 123),
('2017-02-22', '572d8a3fc43b8c6019719693', 101, 124),
('2017-02-22', '572dbc33c43b8c6019719d19', 100, 125),
('2017-02-22', '5798792e40f3a6eec05cac08', 100, 126),
('2017-02-22', '5757cdcdc43b8c601978789d', 98, 127),
('2017-02-22', '5768c298c2f0db084a1f0bc4', 98, 128),
('2017-02-22', '572dbe7bc43b8c6019719db9', 97, 129),
('2017-02-22', '572db948c43b8c6019719bd0', 96, 130),
('2017-02-22', '572db996c43b8c6019719c0c', 95, 131),
('2017-02-22', '572db993c43b8c6019719bfd', 95, 132),
('2017-02-22', '575ebc5ac2f0db084a1d9e56', 94, 133),
('2017-02-22', '572db36ec43b8c6019719a99', 93, 134),
('2017-02-22', '572db6e1c43b8c6019719b60', 91, 135),
('2017-02-22', '5768c2c2c2f0db084a1f0bcc', 91, 136),
('2017-02-22', '579874d040f3a6eec05cab17', 90, 137),
('2017-02-22', '572db9a7c43b8c6019719c4a', 88, 138),
('2017-02-22', '572d8c00c43b8c60197196ba', 86, 139),
('2017-02-22', '570b90ed187bb6f0eadee068', 82, 140),
('2017-02-22', '572db99fc43b8c6019719c35', 82, 141),
('2017-02-22', '572db998c43b8c6019719c1e', 82, 142),
('2017-02-22', '570e591a187bb6f0eadf435c', 82, 143),
('2017-02-22', '5768c270c2f0db084a1f0bb4', 82, 144),
('2017-02-22', '570b927e187bb6f0eadee0c6', 82, 145),
('2017-02-22', '5798741340f3a6eec05caafb', 81, 146),
('2017-02-22', '572db9a2c43b8c6019719c43', 79, 147),
('2017-02-22', '572db997c43b8c6019719c19', 79, 148),
('2017-02-22', '57a5788f40f3a6eec05e2e66', 76, 149),
('2017-02-22', '572db959c43b8c6019719bdb', 76, 150),
('2017-02-22', '572d87d4c43b8c6019719635', 76, 151),
('2017-02-22', '575ba9a7c2f0db084a1d4940', 76, 152),
('2017-02-22', '572db4b4c43b8c6019719af2', 76, 153),
('2017-02-22', '58678dcfd73408ce4f4058bd', 75, 154),
('2017-02-22', '575bacbac2f0db084a1d49cc', 75, 155),
('2017-02-22', '572db9a1c43b8c6019719c3e', 74, 156),
('2017-02-22', '572dbc36c43b8c6019719d2a', 74, 157),
('2017-02-22', '573d763dc43b8c601973c39e', 74, 158),
('2017-02-22', '572db971c43b8c6019719be2', 74, 159),
('2017-02-22', '58688deed73408ce4f407155', 74, 160),
('2017-02-22', '572db9f5c43b8c6019719c97', 74, 161),
('2017-02-22', '57f135b0d73408ce4f2b1aa6', 74, 162),
('2017-02-22', '573d7662c43b8c601973c3ab', 73, 163),
('2017-02-22', '575e90e5c2f0db084a1d973c', 73, 164),
('2017-02-22', '575ba3dbc2f0db084a1d484c', 73, 165),
('2017-02-22', '5747db60c43b8c60197536e8', 72, 166),
('2017-02-22', '575bb065c2f0db084a1d4a49', 72, 167),
('2017-02-22', '575bb882c2f0db084a1d4af4', 71, 168),
('2017-02-22', '572dbf61c43b8c6019719dd4', 70, 169),
('2017-02-22', '572dbc5cc43b8c6019719d5a', 70, 170),
('2017-02-22', '573d7742c43b8c601973c3d8', 69, 171),
('2017-02-22', '582aae54d73408ce4f35f393', 69, 172),
('2017-02-22', '58678de8d73408ce4f4058e4', 69, 173),
('2017-02-22', '573d7719c43b8c601973c3d0', 69, 174),
('2017-02-22', '572dbc83c43b8c6019719d6f', 67, 175),
('2017-02-22', '5798737540f3a6eec05caadc', 67, 176),
('2017-02-22', '579875e340f3a6eec05cab4d', 66, 177),
('2017-02-22', '586795a6d73408ce4f405a17', 66, 178),
('2017-02-22', '5798724a40f3a6eec05caaa1', 66, 179),
('2017-02-22', '575ba45cc2f0db084a1d486c', 66, 180),
('2017-02-22', '5798773440f3a6eec05cab8b', 66, 181),
('2017-02-22', '570b92ab187bb6f0eadee0d4', 65, 182),
('2017-02-22', '575bac59c2f0db084a1d49a9', 65, 183),
('2017-02-22', '572dbb3ec43b8c6019719ce6', 65, 184),
('2017-02-22', '5764fd83c2f0db084a1e9270', 64, 185),
('2017-02-22', '579873c240f3a6eec05caae3', 64, 186),
('2017-02-22', '572db35fc43b8c6019719a83', 63, 187),
('2017-02-22', '572db99ec43b8c6019719c30', 62, 188),
('2017-02-22', '572db9cfc43b8c6019719c86', 61, 189),
('2017-02-22', '575bb88cc2f0db084a1d4b0b', 61, 190),
('2017-02-22', '572dbddbc43b8c6019719dab', 61, 191),
('2017-02-22', '572dbfb1c43b8c6019719de5', 61, 192),
('2017-02-22', '5768c59dc2f0db084a1f0c2b', 59, 193),
('2017-02-22', '5798769d40f3a6eec05cab79', 59, 194),
('2017-02-22', '579872e540f3a6eec05caabb', 59, 195),
('2017-02-22', '572d9bb1c43b8c601971985a', 56, 196),
('2017-02-22', '579877a840f3a6eec05cab99', 56, 197),
('2017-02-22', '5798775940f3a6eec05cab91', 56, 198),
('2017-02-22', '572dbaa8c43b8c6019719ccb', 54, 199),
('2017-02-22', '572db98ec43b8c6019719bf7', 54, 200),
('2017-02-22', '578e016cc2f0db084a23a746', 54, 201),
('2017-02-22', '5747e334c43b8c601975382e', 54, 202),
('2017-02-22', '575eb765c2f0db084a1d9d87', 54, 203),
('2017-02-22', '578e0176c2f0db084a23a753', 54, 204),
('2017-02-22', '578e012bc2f0db084a23a708', 53, 205),
('2017-02-22', '575ba59ec2f0db084a1d48a1', 53, 206),
('2017-02-22', '575bae0ec2f0db084a1d49f9', 52, 207),
('2017-02-22', '5747dc99c43b8c601975372d', 52, 208),
('2017-02-22', '572db9bbc43b8c6019719c6b', 52, 209),
('2017-02-22', '5747e33cc43b8c6019753844', 52, 210),
('2017-02-22', '572db54dc43b8c6019719b1c', 51, 211),
('2017-02-22', '573d7585c43b8c601973c37a', 51, 212),
('2017-02-22', '575bb8ddc2f0db084a1d4b41', 51, 213),
('2017-02-22', '575baca5c2f0db084a1d49bd', 50, 214),
('2017-02-22', '5798852a40f3a6eec05cadf3', 50, 215),
('2017-02-22', '5747df8dc43b8c60197537bc', 50, 216),
('2017-02-22', '578e01bcc2f0db084a23a783', 49, 217),
('2017-02-22', '578e0166c2f0db084a23a731', 49, 218),
('2017-02-22', '579875f840f3a6eec05cab57', 49, 219),
('2017-02-22', '572db9b4c43b8c6019719c60', 49, 220),
('2017-02-22', '57987aef40f3a6eec05cac96', 49, 221),
('2017-02-22', '575bacffc2f0db084a1d49df', 48, 222),
('2017-02-22', '575ba258c2f0db084a1d481b', 48, 223),
('2017-02-22', '573d7817c43b8c601973c416', 48, 224),
('2017-02-22', '5714c8a8187bb6f0eadffc9d', 48, 225),
('2017-02-22', '579874e640f3a6eec05cab23', 48, 226),
('2017-02-22', '578e0198c2f0db084a23a779', 48, 227),
('2017-02-22', '578e018ec2f0db084a23a768', 47, 228),
('2017-02-22', '575bb92bc2f0db084a1d4b61', 46, 229),
('2017-02-22', '58678dd9d73408ce4f4058d8', 46, 230),
('2017-02-22', '572dbd95c43b8c6019719d9d', 45, 231),
('2017-02-22', '58678debd73408ce4f4058e8', 45, 232),
('2017-02-22', '572db21fc43b8c6019719a57', 44, 233),
('2017-02-22', '572db92fc43b8c6019719bc8', 44, 234),
('2017-02-22', '575ba28ac2f0db084a1d4825', 44, 235),
('2017-02-22', '576a489ac2f0db084a1f4678', 44, 236),
('2017-02-22', '578dd3f2c2f0db084a23a080', 44, 237),
('2017-02-22', '572dbc8fc43b8c6019719d77', 44, 238),
('2017-02-22', '572db9c1c43b8c6019719c71', 44, 239),
('2017-02-22', '578e0163c2f0db084a23a728', 44, 240),
('2017-02-22', '572db99bc43b8c6019719c26', 44, 241),
('2017-02-22', '575ba379c2f0db084a1d4840', 43, 242),
('2017-02-22', '572db9f1c43b8c6019719c91', 43, 243),
('2017-02-22', '572db9c3c43b8c6019719c76', 43, 244),
('2017-02-22', '575bb848c2f0db084a1d4ac5', 43, 245),
('2017-02-22', '578e0161c2f0db084a23a720', 42, 246),
('2017-02-22', '578e016bc2f0db084a23a741', 41, 247),
('2017-02-22', '575bac57c2f0db084a1d49a5', 41, 248),
('2017-02-22', '578f3657c2f0db084a23cf18', 40, 249),
('2017-02-22', '572dce06c43b8c6019719fba', 40, 250),
('2017-02-22', '5798784640f3a6eec05cabd3', 39, 251),
('2017-02-22', '5747e42dc43b8c601975389c', 39, 252),
('2017-02-22', '575bb874c2f0db084a1d4ae2', 39, 253),
('2017-02-22', '575baf2ac2f0db084a1d4a27', 39, 254),
('2017-02-22', '575baacec2f0db084a1d496f', 38, 255),
('2017-02-22', '5798791e40f3a6eec05cac01', 38, 256),
('2017-02-22', '575ba798c2f0db084a1d48d7', 38, 257),
('2017-02-22', '578e0168c2f0db084a23a73b', 38, 258),
('2017-02-22', '570b8cec187bb6f0eadedf63', 38, 259),
('2017-02-22', '575ba52ac2f0db084a1d488d', 38, 260),
('2017-02-22', '5717af17659847a7aff3b634', 37, 261),
('2017-02-22', '572db4dbc43b8c6019719b00', 37, 262),
('2017-02-22', '575bb887c2f0db084a1d4aff', 37, 263),
('2017-02-22', '575bae60c2f0db084a1d4a08', 37, 264),
('2017-02-22', '573d7706c43b8c601973c3ca', 37, 265),
('2017-02-22', '572dba84c43b8c6019719cbd', 37, 266),
('2017-02-22', '572db77bc43b8c6019719b88', 36, 267),
('2017-02-22', '57987a9140f3a6eec05cac7f', 36, 268),
('2017-02-22', '575bb88dc2f0db084a1d4b10', 35, 269),
('2017-02-22', '578e0167c2f0db084a23a736', 35, 270),
('2017-02-22', '572dba6cc43b8c6019719cb5', 35, 271),
('2017-02-22', '578e0166c2f0db084a23a72d', 34, 272),
('2017-02-22', '572dba05c43b8c6019719ca0', 34, 273),
('2017-02-22', '578e017fc2f0db084a23a760', 33, 274),
('2017-02-22', '578e017bc2f0db084a23a75a', 33, 275),
('2017-02-22', '575bb8e4c2f0db084a1d4b48', 33, 276),
('2017-02-22', '575bb88dc2f0db084a1d4b14', 33, 277),
('2017-02-22', '575ba809c2f0db084a1d48f3', 32, 278),
('2017-02-22', '572db4adc43b8c6019719aea', 32, 279),
('2017-02-22', '5747e33ac43b8c6019753839', 32, 280),
('2017-02-22', '575baadec2f0db084a1d4976', 31, 281),
('2017-02-22', '575fc29ec2f0db084a1dc346', 31, 282),
('2017-02-22', '575ba88bc2f0db084a1d4901', 31, 283),
('2017-02-22', '575bab09c2f0db084a1d497d', 31, 284),
('2017-02-22', '572d8efdc43b8c6019719708', 31, 285),
('2017-02-22', '575baa4bc2f0db084a1d495c', 30, 286),
('2017-02-22', '575bb8c0c2f0db084a1d4b34', 30, 287),
('2017-02-22', '575baa0cc2f0db084a1d4955', 30, 288),
('2017-02-22', '575baa55c2f0db084a1d4963', 30, 289),
('2017-02-22', '5798794240f3a6eec05cac0e', 28, 290),
('2017-02-22', '5747e3cac43b8c601975388d', 27, 291),
('2017-02-22', '57c83d9b40f3a6eec062b675', 27, 292),
('2017-02-22', '58678ebcd73408ce4f405942', 27, 293),
('2017-02-22', '570e4e84187bb6f0eadf4172', 27, 294),
('2017-02-22', '585c9c06d73408ce4f3eddf6', 27, 295),
('2017-02-22', '575ba928c2f0db084a1d4918', 26, 296),
('2017-02-22', '575ba96ec2f0db084a1d4927', 26, 297),
('2017-02-22', '5714c8dd187bb6f0eadffcac', 25, 298),
('2017-02-22', '578e0193c2f0db084a23a771', 25, 299),
('2017-02-22', '575ba2fcc2f0db084a1d4835', 25, 300),
('2017-02-22', '5798783a40f3a6eec05cabc8', 24, 301),
('2017-02-22', '572dbfb5c43b8c6019719dea', 23, 302),
('2017-02-22', '5747e37ac43b8c601975386a', 23, 303),
('2017-02-22', '5714c5d0187bb6f0eadffbf5', 23, 304),
('2017-02-22', '578e01ccc2f0db084a23a78a', 23, 305),
('2017-02-22', '575bb888c2f0db084a1d4b04', 23, 306),
('2017-02-22', '578e0160c2f0db084a23a719', 22, 307),
('2017-02-22', '575bb929c2f0db084a1d4b57', 22, 308),
('2017-02-22', '576a480ec2f0db084a1f4636', 22, 309),
('2017-02-22', '58678ed8d73408ce4f405953', 22, 310),
('2017-02-22', '575bb886c2f0db084a1d4afa', 22, 311),
('2017-02-22', '578e01cdc2f0db084a23a78f', 22, 312),
('2017-02-22', '575bb929c2f0db084a1d4b5a', 22, 313),
('2017-02-22', '57987a5a40f3a6eec05cac6c', 22, 314),
('2017-02-22', '5747e335c43b8c6019753833', 21, 315),
('2017-02-22', '5714c634187bb6f0eadffc0a', 21, 316),
('2017-02-22', '5747e34bc43b8c6019753852', 21, 317),
('2017-02-22', '578e0138c2f0db084a23a70d', 21, 318),
('2017-02-22', '5714c684187bb6f0eadffc1d', 21, 319),
('2017-02-22', '5747e343c43b8c601975384b', 21, 320),
('2017-02-22', '5747e33bc43b8c601975383e', 20, 321),
('2017-02-22', '5714c66f187bb6f0eadffc12', 20, 322),
('2017-02-22', '579c75cd40f3a6eec05d2a93', 20, 323),
('2017-02-22', '570e2d2a187bb6f0eadf3c27', 19, 324),
('2017-02-22', '5768c1aac2f0db084a1f0b7d', 19, 325),
('2017-02-22', '570b90e9187bb6f0eadee063', 19, 326),
('2017-02-22', '576a4855c2f0db084a1f4666', 19, 327),
('2017-02-22', '5747e35ac43b8c601975385e', 18, 328),
('2017-02-22', '575bab20c2f0db084a1d4986', 18, 329),
('2017-02-22', '575bb86fc2f0db084a1d4add', 18, 330),
('2017-02-22', '573d7d3ac43b8c601973c4e1', 17, 331),
('2017-02-22', '578e0228c2f0db084a23a7ae', 17, 332),
('2017-02-22', '585b4af0d73408ce4f3ea49a', 17, 333),
('2017-02-22', '5714c70f187bb6f0eadffc35', 17, 334),
('2017-02-22', '575bb8bec2f0db084a1d4b2d', 17, 335),
('2017-02-22', '57e2264140f3a6eec0666a6d', 16, 336),
('2017-02-22', '575bb8b9c2f0db084a1d4b28', 16, 337),
('2017-02-22', '575bc7eec2f0db084a1d4c87', 16, 338),
('2017-02-22', '578e0161c2f0db084a23a71c', 16, 339),
('2017-02-22', '5747e34fc43b8c6019753857', 16, 340),
('2017-02-22', '5747e3cac43b8c6019753890', 15, 341),
('2017-02-22', '5768c213c2f0db084a1f0b9e', 15, 342),
('2017-02-22', '575bb8c4c2f0db084a1d4b39', 12, 343),
('2017-02-22', '570b9106187bb6f0eadee07a', 11, 344),
('2017-02-22', '570b90fc187bb6f0eadee074', 11, 345),
('2017-02-22', '5714c818187bb6f0eadffc76', 11, 346),
('2017-02-22', '58496de4d73408ce4f3ba5ec', 11, 347),
('2017-02-22', '5714c78e187bb6f0eadffc5f', 10, 348),
('2017-02-22', '578e01e7c2f0db084a23a79c', 10, 349),
('2017-02-22', '575badc6c2f0db084a1d49ef', 9, 350),
('2017-02-22', '58678ea3d73408ce4f405934', 9, 351),
('2017-02-22', '575bb901c2f0db084a1d4b4f', 9, 352),
('2017-02-22', '57696046c2f0db084a1f2486', 9, 353),
('2017-02-22', '579875f440f3a6eec05cab52', 7, 354),
('2017-02-22', '572db387c43b8c6019719ab1', 6, 355),
('2017-02-22', '5714c78d187bb6f0eadffc5b', 6, 356),
('2017-02-22', '5714c75b187bb6f0eadffc44', 4, 357),
('2017-02-22', '587776e8d73408ce4f4307f2', 4, 358),
('2017-02-22', '5714c7fa187bb6f0eadffc70', 3, 359),
('2017-02-22', '572de886c43b8c601971a221', 2, 360),
('2017-02-22', '570b91f0187bb6f0eadee0ad', 2, 361),
('2017-02-22', '572dc02cc43b8c6019719e0a', 1, 362),
('2017-02-22', '572dc2f5c43b8c6019719e76', 1, 363),
('2017-02-22', '575bc850c2f0db084a1d4c98', 1, 364),
('2017-02-22', '56fe8519187bb6f0eadd5ff1', 1, 365),
('2017-02-22', '572dbff6c43b8c6019719e03', 0, 366),
('2017-02-22', '585a23ded73408ce4f3e6fe2', 0, 367),
('2017-02-22', '5768c3c3c2f0db084a1f0bfb', 0, 368),
('2017-02-22', '584a75a0d73408ce4f3bd7b8', 0, 369),
('2017-02-22', '572dbfdfc43b8c6019719df8', 0, 370),
('2017-02-22', '572db47ac43b8c6019719add', 0, 371);
INSERT INTO `daily_update` (`r_date`, `uid`, `points`, `rank`) VALUES
('2017-02-22', '572dbb5dc43b8c6019719ced', 0, 372),
('2017-02-22', '572db9b9c43b8c6019719c65', 0, 373),
('2017-02-22', '586795e1d73408ce4f405a21', 0, 374),
('2017-02-22', '572db99dc43b8c6019719c2b', 0, 375),
('2017-02-22', '570c8779187bb6f0eadf021f', 0, 376),
('2017-02-22', '572db9acc43b8c6019719c51', 0, 377),
('2017-02-22', '572db487c43b8c6019719ae5', 0, 378),
('2017-02-22', '572dbdc5c43b8c6019719da4', 0, 379),
('2017-02-22', '572f4f4fc43b8c601971c263', 0, 380),
('2017-02-22', '5747ec38c43b8c6019753a00', 0, 381),
('2017-02-22', '5747e961c43b8c6019753969', 0, 382),
('2017-02-22', '572326cd659847a7aff51be7', 0, 383),
('2017-02-22', '5714c730187bb6f0eadffc3b', 0, 384),
('2017-02-22', '572db97cc43b8c6019719be7', 0, 385),
('2017-02-22', '572db90dc43b8c6019719bbf', 0, 386),
('2017-02-22', '572db346c43b8c6019719a6d', 0, 387),
('2017-02-22', '570b8fd6187bb6f0eadee01e', 0, 388),
('2017-02-22', '57187e57659847a7aff3cded', 0, 389),
('2017-02-22', '57452541c43b8c601974c505', 0, 390),
('2017-02-22', '5745217bc43b8c601974c4cb', 0, 391),
('2017-02-22', '58185b68d73408ce4f3244be', 0, 392),
('2017-02-22', '572db5e3c43b8c6019719b3c', 0, 393),
('2017-02-22', '57452798c43b8c601974c556', 0, 394),
('2017-02-22', '570b90b8187bb6f0eadee051', 0, 395),
('2017-02-22', '5747df5ec43b8c60197537ae', 0, 396),
('2017-02-22', '572db3e0c43b8c6019719acd', 0, 397);

-- --------------------------------------------------------

--
-- Table structure for table `user`
--

CREATE TABLE IF NOT EXISTS `user` (
  `uid` varchar(100) NOT NULL,
  `name` varchar(100) NOT NULL,
  `doj` date NOT NULL,
  `uname` varchar(100) NOT NULL,
  `url` varchar(500) NOT NULL,
  `excluder` char(1) NOT NULL DEFAULT 'N',
  `exc_date` date DEFAULT NULL
) ENGINE=InnoDB DEFAULT CHARSET=latin1;

--
-- Dumping data for table `user`
--

INSERT INTO `user` (`uid`, `name`, `doj`, `uname`, `url`, `excluder`, `exc_date`) VALUES
('5433c4b0163965c9bc209625', 'kgashok', '2016-12-28', 'kgashok', 'https://avatars1.githubusercontent.com/u/2399010?v=3&s=128', 'N', NULL),
('546fc9f1db8155e6700d6e8c', 'Quincy Larson', '2016-12-28', 'QuincyLarson', 'https://avatars0.githubusercontent.com/u/985197?v=3&s=128', 'N', NULL),
('56fe8519187bb6f0eadd5ff1', 'prasad', '2016-12-28', 'prasad321', 'https://avatars1.githubusercontent.com/u/5093973?v=3&s=128', 'N', NULL),
('5700ce87187bb6f0eadd9cdb', 'ddr dushy', '2016-12-28', 'ddrdushy', 'https://avatars0.githubusercontent.com/u/17252833?v=3&s=128', 'N', NULL),
('570a5d04187bb6f0eadebf73', 'sudhar', '2016-12-28', 'Sudharsanrajendran', 'https://avatars2.githubusercontent.com/u/4831389?v=3&s=128', 'N', NULL),
('570a6857187bb6f0eadec072', 'Ramya Vellingiri', '2016-12-28', '62ramya', 'https://avatars2.githubusercontent.com/u/3250148?v=3&s=128', 'N', NULL),
('570a74b1187bb6f0eadec1cc', 'Nandhu_vj', '2016-12-28', 'nandhuvj', 'https://avatars1.githubusercontent.com/u/17250246?v=3&s=128', 'N', NULL),
('570b8cec187bb6f0eadedf63', 'soniya2493', '2016-12-28', 'soniya2493', 'https://avatars1.githubusercontent.com/u/8329471?v=3&s=128', 'N', NULL),
('570b8e93187bb6f0eadedfde', 'Naveen Andrew', '2016-12-28', 'snaveenandrew', 'https://avatars2.githubusercontent.com/u/16412423?v=3&s=128', 'N', NULL),
('570b8fd6187bb6f0eadee01e', 'Jayeshsolanki0077', '2016-12-28', 'Jayeshsolanki0077', 'https://avatars0.githubusercontent.com/u/18396819?v=3&s=128', 'N', NULL),
('570b90b8187bb6f0eadee051', 'sandhiyac93', '2016-12-28', 'sandhiyac93', 'https://avatars0.githubusercontent.com/u/8164914?v=3&s=128', 'N', NULL),
('570b90e9187bb6f0eadee063', 'Sampathkumar', '2016-12-28', 'Sampathkumar-PN', 'https://avatars0.githubusercontent.com/u/18396777?v=3&s=128', 'N', NULL),
('570b90ed187bb6f0eadee068', 'Elangovan', '2016-12-28', 'Elangovan22', 'https://avatars1.githubusercontent.com/u/18396724?v=3&s=128', 'N', NULL),
('570b90fc187bb6f0eadee074', 'Kavya', '2016-12-28', 'KavyaKavi', 'https://avatars0.githubusercontent.com/u/17004157?v=3&s=128', 'N', NULL),
('570b9106187bb6f0eadee07a', 'RishabPatiyat', '2016-12-28', 'RishabPatiyat', 'https://avatars0.githubusercontent.com/u/18396888?v=3&s=128', 'N', NULL),
('570b9162187bb6f0eadee08e', 'Sriram', '2016-12-28', 'sriram23', 'https://avatars1.githubusercontent.com/u/18396996?v=3&s=128', 'N', NULL),
('570b91da187bb6f0eadee0a4', 'SuriyaJin', '2016-12-28', 'SuriyaJin', 'https://avatars1.githubusercontent.com/u/16412603?v=3&s=128', 'N', NULL),
('570b91f0187bb6f0eadee0ad', 'Fabiandurairaj', '2016-12-28', 'Fabiandurairaj', 'https://avatars1.githubusercontent.com/u/18396831?v=3&s=128', 'N', NULL),
('570b927e187bb6f0eadee0c6', 'Dhaar', '2016-12-28', 'Dhaar', 'https://avatars2.githubusercontent.com/u/18396974?v=3&s=128', 'N', NULL),
('570b92ab187bb6f0eadee0d4', 'Gokul Prasath.S', '2016-12-28', 'GokulPrasath', 'https://avatars1.githubusercontent.com/u/18396807?v=3&s=128', 'N', NULL),
('570b9cad187bb6f0eadee285', 'DHEENADHAYALAN P', '2016-12-28', 'dtdheena', 'https://avatars2.githubusercontent.com/u/18397596?v=3&s=128', 'N', NULL),
('570baf74187bb6f0eadee5a1', 'SaranyaAmmu', '2016-12-28', 'SaranyaAmmu', 'https://avatars0.githubusercontent.com/u/18398583?v=3&s=128', 'N', NULL),
('570c8779187bb6f0eadf021f', 'dev-vinoth', '2016-12-28', 'dev-vinoth', 'https://avatars2.githubusercontent.com/u/16603533?v=3&s=128', 'N', NULL),
('570e2d2a187bb6f0eadf3c27', 'vigneshkumar007', '2016-12-28', 'vigneshkumar007', 'https://avatars2.githubusercontent.com/u/13941365?v=3&s=128', 'N', NULL),
('570e4e84187bb6f0eadf4172', 'Avanthika', '2016-12-28', 'Avathika', 'https://avatars0.githubusercontent.com/u/5870993?v=3&s=128', 'N', NULL),
('570e591a187bb6f0eadf435c', 'Wikmeister', '2016-12-28', 'Wikmeister', 'https://avatars0.githubusercontent.com/u/18444197?v=3&s=128', 'N', NULL),
('570f30b3187bb6f0eadf5f12', 'sathish kumar', '2016-12-28', 'SathishKumar5', 'https://avatars1.githubusercontent.com/u/18456554?v=3&s=128', 'N', NULL),
('57109db2187bb6f0eadf908d', 'RANJITH', '2016-12-28', 'jagdishranjith', 'https://avatars0.githubusercontent.com/u/18478436?v=3&s=128', 'N', NULL),
('5714a656187bb6f0eadff754', 'GANDHIMATHI A', '2016-12-28', 'gandhimathikgcas', 'https://avatars2.githubusercontent.com/u/18527730?v=3&s=128', 'N', NULL),
('5714c5d0187bb6f0eadffbf5', 'Arun kumar s', '2016-12-28', 'sak98', 'https://avatars1.githubusercontent.com/u/18530087?v=3&s=128', 'N', NULL),
('5714c634187bb6f0eadffc0a', 'dheekshithadev26', '2016-12-28', 'dheekshithadev26', 'https://avatars2.githubusercontent.com/u/18530280?v=3&s=128', 'N', NULL),
('5714c66f187bb6f0eadffc12', 'shreeramkumar', '2016-12-28', 'shreeramkumar', 'https://avatars1.githubusercontent.com/u/18530221?v=3&s=128', 'N', NULL),
('5714c684187bb6f0eadffc1d', 'anithamohan26', '2016-12-28', 'anithamohan26', 'https://avatars2.githubusercontent.com/u/18530278?v=3&s=128', 'N', NULL),
('5714c70f187bb6f0eadffc35', 'dharinibhava', '2016-12-28', 'dharinibhava', 'https://avatars0.githubusercontent.com/u/18530078?v=3&s=128', 'N', NULL),
('5714c730187bb6f0eadffc3b', 'meganisha', '2016-12-28', 'meganisha', 'https://avatars2.githubusercontent.com/u/18530052?v=3&s=128', 'N', NULL),
('5714c75b187bb6f0eadffc44', 'anjuzoya', '2016-12-28', 'anjuzoya', 'https://avatars0.githubusercontent.com/u/18530277?v=3&s=128', 'N', NULL),
('5714c78d187bb6f0eadffc5b', 'kaththi', '2016-12-28', 'kaththi', 'https://avatars2.githubusercontent.com/u/18530238?v=3&s=128', 'N', NULL),
('5714c78e187bb6f0eadffc5f', 'karthik158', '2016-12-28', 'karthik158', 'https://avatars1.githubusercontent.com/u/18530343?v=3&s=128', 'N', NULL),
('5714c7bd187bb6f0eadffc67', 'PravinBalaji', '2016-12-28', 'PravinBalaji', 'https://avatars0.githubusercontent.com/u/18495855?v=3&s=128', 'N', NULL),
('5714c7fa187bb6f0eadffc70', 'deepakkumard', '2016-12-28', 'deepakkumard', 'https://avatars2.githubusercontent.com/u/18530260?v=3&s=128', 'N', NULL),
('5714c818187bb6f0eadffc76', 'aishashree', '2016-12-28', 'aishashree', 'https://avatars1.githubusercontent.com/u/18530254?v=3&s=128', 'N', NULL),
('5714c8a8187bb6f0eadffc9d', 'manivannancseb', '2016-12-28', 'manivannancseb', 'https://avatars1.githubusercontent.com/u/18419230?v=3&s=128', 'N', NULL),
('5714c8dd187bb6f0eadffcac', 'immanuelvj', '2016-12-28', 'immanuelvj', 'https://avatars0.githubusercontent.com/u/18420078?v=3&s=128', 'N', NULL),
('5715b48e187bb6f0eae01e04', 'Dinesh', '2016-12-28', 'dk12dk', 'https://avatars0.githubusercontent.com/u/18544412?v=3&s=128', 'N', NULL),
('57176ff15a458cafb0af6d8b', 'vidhya13', '2016-12-28', 'vidhya13', 'https://avatars0.githubusercontent.com/u/11297700?v=3&s=128', 'N', NULL),
('57176ff25a458cafb0af6d8f', 'parisudha andireya', '2016-12-28', 'parisudhaandireyaa', 'https://avatars0.githubusercontent.com/u/16850313?v=3&s=128', 'N', NULL),
('571772d65a458cafb0af6e02', 'HariharanArumugam', '2016-12-28', 'HariharanArumugam', 'https://avatars1.githubusercontent.com/u/16345725?v=3&s=128', 'N', NULL),
('5717af17659847a7aff3b634', 'vikirazor', '2016-12-28', 'vikirazor', 'https://avatars0.githubusercontent.com/u/18419220?v=3&s=128', 'N', NULL),
('57187e57659847a7aff3cded', 'kgjayaraj', '2016-12-28', 'kgjayaraj', 'https://avatars2.githubusercontent.com/u/18590063?v=3&s=128', 'N', NULL),
('5719e469659847a7aff3fc0c', 'Raghu', '2016-12-28', 'Raghu10', 'https://avatars0.githubusercontent.com/u/18609952?v=3&s=128', 'N', NULL),
('571da45d659847a7aff45afd', 'saithara', '2016-12-28', 'saithara', 'https://avatars0.githubusercontent.com/u/18611715?v=3&s=128', 'N', NULL),
('571ee68d659847a7aff483ce', 'sheeba-d', '2016-12-28', 'sheeba-d', 'https://avatars1.githubusercontent.com/u/18672154?v=3&s=128', 'N', NULL),
('5721b881659847a7aff4e8ff', 'malarvi', '2016-12-28', 'malarvi', 'https://avatars2.githubusercontent.com/u/18693930?v=3&s=128', 'N', NULL),
('572326cd659847a7aff51be7', 'sureshsabari', '2016-12-28', 'sureshsabari', 'https://avatars1.githubusercontent.com/u/18611976?v=3&s=128', 'N', NULL),
('57232a2b659847a7aff51c41', 'krsaravanan', '2016-12-28', 'krsaravanan', 'https://avatars2.githubusercontent.com/u/18735655?v=3&s=128', 'N', NULL),
('57271797c43b8c601970bc5a', 'Sabarish', '2016-12-28', 'SabarishQC', 'https://avatars0.githubusercontent.com/u/19146945?v=3&s=128', 'N', NULL),
('572718dfc43b8c601970bc63', 'gokilavanig', '2016-12-28', 'gokilavanig', 'https://avatars0.githubusercontent.com/u/18523793?v=3&s=128', 'N', NULL),
('57271ae0c43b8c601970bc9f', 'Madhumathi Velusamy', '2016-12-28', 'jsrgi', 'https://avatars2.githubusercontent.com/u/11752426?v=3&s=128', 'N', NULL),
('57271b4dc43b8c601970bcb3', 'Subythampi', '2016-12-28', 'Subythampi', 'https://avatars2.githubusercontent.com/u/19147022?v=3&s=128', 'N', NULL),
('5727270dc43b8c601970be32', 'Saravanan111', '2016-12-28', 'Saravanan111', 'https://avatars2.githubusercontent.com/u/19147739?v=3&s=128', 'N', NULL),
('572ac9d5c43b8c60197138e7', 'Ravi', '2016-12-28', 'ravisubbulaxmi', 'https://avatars2.githubusercontent.com/u/19199780?v=3&s=128', 'N', NULL),
('572d8543c43b8c60197195e0', 'sudharsan22', '2016-12-28', 'sudharsan22', 'https://avatars1.githubusercontent.com/u/19234846?v=3&s=128', 'N', NULL),
('572d85d4c43b8c60197195f8', 'Bastin95', '2016-12-28', 'Bastin95', 'https://avatars0.githubusercontent.com/u/19234950?v=3&s=128', 'N', NULL),
('572d87d4c43b8c6019719635', 'shriraam1', '2016-12-28', 'shriraam1', 'https://avatars1.githubusercontent.com/u/19234879?v=3&s=128', 'N', NULL),
('572d894ec43b8c601971966a', 'jawahar', '2016-12-28', 'jawaharjack', 'https://avatars2.githubusercontent.com/u/19235026?v=3&s=128', 'N', NULL),
('572d8a3fc43b8c6019719693', 'prakash2610', '2016-12-28', 'prakash2610', 'https://avatars1.githubusercontent.com/u/19235188?v=3&s=128', 'N', NULL),
('572d8aa3c43b8c60197196a0', 'Karthi Keyan', '2016-12-28', 'mskarthi95', 'https://avatars2.githubusercontent.com/u/19235007?v=3&s=128', 'N', NULL),
('572d8c00c43b8c60197196ba', 'srivignesh0', '2016-12-28', 'srivignesh0', 'https://avatars2.githubusercontent.com/u/19235238?v=3&s=128', 'N', NULL),
('572d8efdc43b8c6019719708', 'karthiceyan', '2016-12-28', 'karthiceyan', 'https://avatars2.githubusercontent.com/u/19235254?v=3&s=128', 'N', NULL),
('572d934ec43b8c60197197a0', 'loganayaki', '2016-12-28', 'loganayaki04', 'https://avatars2.githubusercontent.com/u/19234920?v=3&s=128', 'N', NULL),
('572d97e4c43b8c60197197fc', 'R.Dyson Jebadurai', '2016-12-28', 'Dyson94', 'https://avatars1.githubusercontent.com/u/19235801?v=3&s=128', 'N', NULL),
('572d9bb1c43b8c601971985a', 'Sudhakaran Ramasamy', '2016-12-28', 'SudhakaranRI', 'https://avatars1.githubusercontent.com/u/19235874?v=3&s=128', 'N', NULL),
('572db150c43b8c6019719a2a', 'Divyabharathi25', '2016-12-28', 'Divyabharathi25', 'https://avatars2.githubusercontent.com/u/19235121?v=3&s=128', 'N', NULL),
('572db21fc43b8c6019719a57', 'abinayams1010', '2016-12-28', 'abinayams1010', 'https://avatars1.githubusercontent.com/u/19235093?v=3&s=128', 'N', NULL),
('572db346c43b8c6019719a6d', 'CarolinePriyaDarshini', '2016-12-28', 'CarolinePriyaDarshini', 'https://avatars0.githubusercontent.com/u/19235141?v=3&s=128', 'N', NULL),
('572db34bc43b8c6019719a73', 'Ramhari1', '2016-12-28', 'Ramhari1', 'https://avatars1.githubusercontent.com/u/19234919?v=3&s=128', 'N', NULL),
('572db34dc43b8c6019719a78', 'Mithu', '2016-12-28', 'Mitumitu', 'https://avatars1.githubusercontent.com/u/19168170?v=3&s=128', 'N', NULL),
('572db35fc43b8c6019719a83', 'kavitha-R', '2016-12-28', 'kavitha-R', 'https://avatars0.githubusercontent.com/u/19234952?v=3&s=128', 'N', NULL),
('572db369c43b8c6019719a8a', 'vinodh', '2016-12-28', 'vinodhithan', 'https://avatars2.githubusercontent.com/u/19234873?v=3&s=128', 'N', NULL),
('572db36ac43b8c6019719a8f', 'poornimha', '2016-12-28', 'poornimha', 'https://avatars2.githubusercontent.com/u/19235003?v=3&s=128', 'N', NULL),
('572db36bc43b8c6019719a94', 'lavanyasakthivel', '2016-12-28', 'lavanyasakthivel', 'https://avatars0.githubusercontent.com/u/19234991?v=3&s=128', 'N', NULL),
('572db36ec43b8c6019719a99', 'kavitha235', '2016-12-28', 'kavitha235', 'https://avatars2.githubusercontent.com/u/19235165?v=3&s=128', 'N', NULL),
('572db374c43b8c6019719aa5', 'swaroopamir', '2016-12-28', 'swaroopamir', 'https://avatars2.githubusercontent.com/u/19235176?v=3&s=128', 'N', NULL),
('572db383c43b8c6019719aac', 'RemoJohnsonRJ', '2016-12-28', 'RemoJohnsonRJ', 'https://avatars1.githubusercontent.com/u/19234864?v=3&s=128', 'N', NULL),
('572db387c43b8c6019719ab1', 'Boopalan002', '2016-12-28', 'Boopalan002', 'https://avatars1.githubusercontent.com/u/9109013?v=3&s=128', 'N', NULL),
('572db3cac43b8c6019719ac2', 'KGCAS', '2016-12-28', 'KGCAS', 'https://avatars1.githubusercontent.com/u/19235006?v=3&s=128', 'N', NULL),
('572db3e0c43b8c6019719acd', 'Ajithvolvo', '2016-12-28', 'Ajithvolvo', 'https://avatars1.githubusercontent.com/u/19236789?v=3&s=128', 'N', NULL),
('572db47ac43b8c6019719add', 'Lakshika19', '2016-12-28', 'Lakshika19', 'https://avatars1.githubusercontent.com/u/19236856?v=3&s=128', 'N', NULL),
('572db487c43b8c6019719ae5', 'sowmi', '2016-12-28', 'sowmi', 'https://avatars2.githubusercontent.com/u/5441762?v=3&s=128', 'N', NULL),
('572db4adc43b8c6019719aea', 'saranjai', '2016-12-28', 'saranjai', 'https://avatars2.githubusercontent.com/u/19235130?v=3&s=128', 'N', NULL),
('572db4b4c43b8c6019719af2', 'rajalakshmichandran', '2016-12-28', 'rajalakshmichandran', 'https://avatars0.githubusercontent.com/u/19235147?v=3&s=128', 'N', NULL),
('572db4dbc43b8c6019719b00', 'anishmohamad9', '2016-12-28', 'anishmohamad9', 'https://avatars1.githubusercontent.com/u/19234984?v=3&s=128', 'N', NULL),
('572db4fdc43b8c6019719b07', 'dineshmicky', '2016-12-28', 'dineshmicky', 'https://avatars1.githubusercontent.com/u/19235030?v=3&s=128', 'N', NULL),
('572db50dc43b8c6019719b0d', 'nagarajansriram', '2016-12-28', 'nagarajansriram', 'https://avatars1.githubusercontent.com/u/16077419?v=3&s=128', 'N', NULL),
('572db54dc43b8c6019719b1c', 'saranyakgcas', '2016-12-28', 'saranyakgcas', 'https://avatars1.githubusercontent.com/u/19235117?v=3&s=128', 'N', NULL),
('572db56dc43b8c6019719b24', 'nithya14', '2016-12-28', 'nithya14', 'https://avatars2.githubusercontent.com/u/19235090?v=3&s=128', 'N', NULL),
('572db5e3c43b8c6019719b3c', 'Mohanprasanth', '2016-12-28', 'Mohanprasanth', 'https://avatars0.githubusercontent.com/u/19235044?v=3&s=128', 'N', NULL),
('572db6e1c43b8c6019719b60', 'MohanaKite', '2016-12-28', 'MohanaKite', 'https://avatars1.githubusercontent.com/u/19235211?v=3&s=128', 'N', NULL),
('572db6edc43b8c6019719b65', 'suganthiDevan', '2016-12-28', 'suganthiDevan', 'https://avatars2.githubusercontent.com/u/19235157?v=3&s=128', 'N', NULL),
('572db6f9c43b8c6019719b6b', 'KAMALATHANGARAJAN', '2016-12-28', 'KAMALATHANGARAJAN', 'https://avatars0.githubusercontent.com/u/19235131?v=3&s=128', 'N', NULL),
('572db77bc43b8c6019719b88', 'NivethaPalanisamy', '2016-12-28', 'NivethaPalanisamy', 'https://avatars2.githubusercontent.com/u/19235221?v=3&s=128', 'N', NULL),
('572db90dc43b8c6019719bbf', 'vinayakamoorthi', '2016-12-28', 'vinayakamoorthi', 'https://avatars0.githubusercontent.com/u/19235040?v=3&s=128', 'N', NULL),
('572db92fc43b8c6019719bc8', 'Daanunayanika', '2016-12-28', 'Daanunayanika', 'https://avatars0.githubusercontent.com/u/19235146?v=3&s=128', 'N', NULL),
('572db948c43b8c6019719bd0', 'ganesh kannan', '2016-12-28', 'ganeshkannan2', 'https://avatars2.githubusercontent.com/u/19235184?v=3&s=128', 'N', NULL),
('572db959c43b8c6019719bdb', 'Kavinkumar1', '2016-12-28', 'Kavinkumar1', 'https://avatars0.githubusercontent.com/u/19235052?v=3&s=128', 'N', NULL),
('572db971c43b8c6019719be2', 'vinilavendor', '2016-12-28', 'vinilavendor', 'https://avatars2.githubusercontent.com/u/19234918?v=3&s=128', 'N', NULL),
('572db97cc43b8c6019719be7', 'MaunaPrasath', '2016-12-28', 'MaunaPrasath', 'https://avatars2.githubusercontent.com/u/19234874?v=3&s=128', 'N', NULL),
('572db982c43b8c6019719bec', 'Ajitha', '2016-12-28', 'AjithaKalyan', 'https://avatars0.githubusercontent.com/u/19234958?v=3&s=128', 'N', NULL),
('572db98bc43b8c6019719bf2', 'saranya', '2016-12-28', 'saranya8220', 'https://avatars1.githubusercontent.com/u/19235013?v=3&s=128', 'N', NULL),
('572db98ec43b8c6019719bf7', 'KGCAS-HARIHARAN', '2016-12-28', 'KGCAS-HARIHARAN', 'https://avatars1.githubusercontent.com/u/19235220?v=3&s=128', 'N', NULL),
('572db993c43b8c6019719bfd', 'poovitha', '2016-12-28', 'vinith2305', 'https://avatars1.githubusercontent.com/u/19235076?v=3&s=128', 'N', NULL),
('572db996c43b8c6019719c06', 'Sugapriya krishnan', '2016-12-28', 'sugapriyakrishnan', 'https://avatars1.githubusercontent.com/u/19234986?v=3&s=128', 'N', NULL),
('572db996c43b8c6019719c0c', 'jeevamsd', '2016-12-28', 'jeevamsd', 'https://avatars0.githubusercontent.com/u/19234970?v=3&s=128', 'N', NULL),
('572db997c43b8c6019719c19', 'Nanthinigithub', '2016-12-28', 'Nanthinigithub', 'https://avatars1.githubusercontent.com/u/19235072?v=3&s=128', 'N', NULL),
('572db998c43b8c6019719c1e', 'poornimaannadurai', '2016-12-28', 'poornimaannadurai', 'https://avatars0.githubusercontent.com/u/19234988?v=3&s=128', 'N', NULL),
('572db99bc43b8c6019719c26', 'kalaiselvi9171', '2016-12-28', 'kalaiselvi9171', 'https://avatars0.githubusercontent.com/u/19235243?v=3&s=128', 'N', NULL),
('572db99dc43b8c6019719c2b', 'keerthu123', '2016-12-28', 'keerthu123', 'https://avatars0.githubusercontent.com/u/19235324?v=3&s=128', 'N', NULL),
('572db99ec43b8c6019719c30', 'swathinandhagopal', '2016-12-28', 'swathinandhagopal', 'https://avatars2.githubusercontent.com/u/19235012?v=3&s=128', 'N', NULL),
('572db99fc43b8c6019719c35', 'priyankaganeshan', '2016-12-28', 'priyankaganeshan', 'https://avatars0.githubusercontent.com/u/19235037?v=3&s=128', 'N', NULL),
('572db9a1c43b8c6019719c3e', 'harithas199611', '2016-12-28', 'harithas199611', 'https://avatars1.githubusercontent.com/u/19235638?v=3&s=128', 'N', NULL),
('572db9a2c43b8c6019719c43', 'dishaannadurai', '2016-12-28', 'dishaannadurai', 'https://avatars0.githubusercontent.com/u/19235061?v=3&s=128', 'N', NULL),
('572db9a7c43b8c6019719c4a', 'Mrudhula', '2016-12-28', 'Mrudhula123', 'https://avatars1.githubusercontent.com/u/19235145?v=3&s=128', 'N', NULL),
('572db9acc43b8c6019719c51', 'vignu97', '2016-12-28', 'vignu97', 'https://avatars0.githubusercontent.com/u/19235312?v=3&s=128', 'N', NULL),
('572db9b4c43b8c6019719c60', 'hellohsvg', '2016-12-28', 'hellohsvg', 'https://avatars1.githubusercontent.com/u/19234995?v=3&s=128', 'N', NULL),
('572db9b9c43b8c6019719c65', 'sowmi97', '2016-12-28', 'sowmi97', 'https://avatars0.githubusercontent.com/u/19235300?v=3&s=128', 'N', NULL),
('572db9bbc43b8c6019719c6b', 'Manjula', '2016-12-28', 'Manju12345', 'https://avatars0.githubusercontent.com/u/19235393?v=3&s=128', 'N', NULL),
('572db9c1c43b8c6019719c71', 'hellokittyy', '2016-12-28', 'hellokittyy', 'https://avatars0.githubusercontent.com/u/19235509?v=3&s=128', 'N', NULL),
('572db9c3c43b8c6019719c76', 'Innovatz', '2016-12-28', 'innovatz', 'https://avatars1.githubusercontent.com/u/19234974?v=3&s=128', 'N', NULL),
('572db9c4c43b8c6019719c7a', 'Manoj kumar.M', '2016-12-28', 'manoj10101996', 'https://avatars2.githubusercontent.com/u/19234862?v=3&s=128', 'N', NULL),
('572db9cfc43b8c6019719c86', 'Gowderpraveena', '2016-12-28', 'gowderpraveena', 'https://avatars2.githubusercontent.com/u/19235031?v=3&s=128', 'N', NULL),
('572db9f1c43b8c6019719c91', 'nivethapremkumar', '2016-12-28', 'nivethapremkumar', 'https://avatars2.githubusercontent.com/u/19235201?v=3&s=128', 'N', NULL),
('572db9f5c43b8c6019719c97', 'ashwinbal', '2016-12-28', 'ashwinbal', 'https://avatars2.githubusercontent.com/u/19235452?v=3&s=128', 'N', NULL),
('572dba05c43b8c6019719ca0', 'arifaroshan', '2016-12-28', 'arifaroshan', 'https://avatars2.githubusercontent.com/u/19235084?v=3&s=128', 'N', NULL),
('572dba6cc43b8c6019719cb5', 'Pavithra1234567', '2016-12-28', 'Pavithra1234567', 'https://avatars2.githubusercontent.com/u/19235612?v=3&s=128', 'N', NULL),
('572dba84c43b8c6019719cbd', 'sathyaavishai', '2016-12-28', 'sathyaavishai', 'https://avatars0.githubusercontent.com/u/19235098?v=3&s=128', 'N', NULL),
('572dbaa8c43b8c6019719ccb', 'Dhilip444', '2016-12-28', 'Dhilip444', 'https://avatars2.githubusercontent.com/u/19235248?v=3&s=128', 'N', NULL),
('572dbb3ec43b8c6019719ce6', 'Mallikamonu', '2016-12-28', 'Mallikamonu', 'https://avatars2.githubusercontent.com/u/19235239?v=3&s=128', 'N', NULL),
('572dbb5dc43b8c6019719ced', 'SVimalraj', '2016-12-28', 'SVimalraj', 'https://avatars1.githubusercontent.com/u/19237029?v=3&s=128', 'N', NULL),
('572dbc30c43b8c6019719d14', 'xyloo123', '2016-12-28', 'xyloo123', 'https://avatars2.githubusercontent.com/u/19235029?v=3&s=128', 'N', NULL),
('572dbc33c43b8c6019719d19', 'udhayai', '2016-12-28', 'udhayai', 'https://avatars2.githubusercontent.com/u/19235016?v=3&s=128', 'N', NULL),
('572dbc35c43b8c6019719d1e', 'gayathirianand', '2016-12-28', 'gayathirianand', 'https://avatars0.githubusercontent.com/u/19235049?v=3&s=128', 'N', NULL),
('572dbc35c43b8c6019719d22', 'nivedamohan97', '2016-12-28', 'nivedamohan97', 'https://avatars0.githubusercontent.com/u/19235032?v=3&s=128', 'N', NULL),
('572dbc35c43b8c6019719d25', 'IndhuSomasundaram', '2016-12-28', 'IndhuSomasundaram', 'https://avatars2.githubusercontent.com/u/19234885?v=3&s=128', 'N', NULL),
('572dbc36c43b8c6019719d2a', 'kannankg2016', '2016-12-28', 'kannankg2016', 'https://avatars1.githubusercontent.com/u/19235187?v=3&s=128', 'N', NULL),
('572dbc37c43b8c6019719d2f', 'kavitha2', '2016-12-28', 'kavitha2', 'https://avatars2.githubusercontent.com/u/19234944?v=3&s=128', 'N', NULL),
('572dbc43c43b8c6019719d37', 'apple234', '2016-12-28', 'apple234', 'https://avatars0.githubusercontent.com/u/19235138?v=3&s=128', 'N', NULL),
('572dbc43c43b8c6019719d3a', 'prathimeenu', '2016-12-28', 'prathimeenu', 'https://avatars1.githubusercontent.com/u/19234972?v=3&s=128', 'N', NULL),
('572dbc43c43b8c6019719d3d', 'miotooto123', '2016-12-28', 'miotooto123', 'https://avatars2.githubusercontent.com/u/19235142?v=3&s=128', 'N', NULL),
('572dbc4cc43b8c6019719d4d', 'HariniKishore', '2016-12-28', 'HariniKishore', 'https://avatars2.githubusercontent.com/u/19221371?v=3&s=128', 'N', NULL),
('572dbc4cc43b8c6019719d52', 'Ramya Srinee', '2016-12-28', 'Ramya09Srinivasan', 'https://avatars0.githubusercontent.com/u/19234882?v=3&s=128', 'N', NULL),
('572dbc5cc43b8c6019719d5a', 'divyabharathi15', '2016-12-28', 'divyabharathi15', 'https://avatars2.githubusercontent.com/u/19235203?v=3&s=128', 'N', NULL),
('572dbc7dc43b8c6019719d67', 'Keerthivelu-16', '2016-12-28', 'Keerthivelu-16', 'https://avatars2.githubusercontent.com/u/19234903?v=3&s=128', 'N', NULL),
('572dbc83c43b8c6019719d6f', 'pavithragopal96', '2016-12-28', 'pavithragopal96', 'https://avatars2.githubusercontent.com/u/19235073?v=3&s=128', 'N', NULL),
('572dbc8fc43b8c6019719d77', 'soundaryakrishnann', '2016-12-28', 'soundaryakrishnann', 'https://avatars1.githubusercontent.com/u/19235376?v=3&s=128', 'N', NULL),
('572dbd95c43b8c6019719d9d', 'anithyakumar', '2016-12-28', 'anithyakumar', 'https://avatars1.githubusercontent.com/u/19235099?v=3&s=128', 'N', NULL),
('572dbdc5c43b8c6019719da4', 'subhikssudha', '2016-12-28', 'subhikssudha', 'https://avatars1.githubusercontent.com/u/19237280?v=3&s=128', 'N', NULL),
('572dbddbc43b8c6019719dab', 'sarala901109', '2016-12-28', 'sarala901109', 'https://avatars2.githubusercontent.com/u/19235051?v=3&s=128', 'N', NULL),
('572dbe7bc43b8c6019719db9', 'chitrasree', '2016-12-28', 'chitrasree', 'https://avatars2.githubusercontent.com/u/19235075?v=3&s=128', 'N', NULL),
('572dbf61c43b8c6019719dd4', 'vaishnavee1997', '2016-12-28', 'vaishnavee1997', 'https://avatars0.githubusercontent.com/u/19235282?v=3&s=128', 'N', NULL),
('572dbfb1c43b8c6019719de5', 'saranya1043', '2016-12-28', 'saranya1043', 'https://avatars0.githubusercontent.com/u/19235143?v=3&s=128', 'N', NULL),
('572dbfb5c43b8c6019719dea', 'sasirega79', '2016-12-28', 'sasirega79', 'https://avatars0.githubusercontent.com/u/19235200?v=3&s=128', 'N', NULL),
('572dbfdfc43b8c6019719df8', 'sandhyanallathambi', '2016-12-28', 'sandhyanallathambi', 'https://avatars1.githubusercontent.com/u/19234996?v=3&s=128', 'N', NULL),
('572dbff6c43b8c6019719e03', 'coolworld16', '2016-12-28', 'coolworld16', 'https://avatars0.githubusercontent.com/u/19235126?v=3&s=128', 'N', NULL),
('572dc02cc43b8c6019719e0a', 'freecamp1', '2016-12-28', 'freecamp1', 'https://avatars0.githubusercontent.com/u/19235215?v=3&s=128', 'N', NULL),
('572dc2f5c43b8c6019719e76', 'Sheela Rini', '2016-12-28', 'sheelarini', 'https://avatars0.githubusercontent.com/u/19235105?v=3&s=128', 'N', NULL),
('572dce06c43b8c6019719fba', 'codinggopal', '2016-12-28', 'codinggopal', 'https://avatars0.githubusercontent.com/u/19237009?v=3&s=128', 'N', NULL),
('572dce33c43b8c6019719fc0', 'Hariharasudhan', '2016-12-28', 'codinghari', 'https://avatars1.githubusercontent.com/u/19235216?v=3&s=128', 'N', NULL),
('572de886c43b8c601971a221', 'Parthasarathe', '2016-12-28', 'Parthasarathe', 'https://avatars2.githubusercontent.com/u/18587311?v=3&s=128', 'N', NULL),
('572eb2bbc43b8c601971b629', 'RAJASEKARAN S', '2016-12-28', 'rajasekaranap', 'https://avatars0.githubusercontent.com/u/6880254?v=3&s=128', 'N', NULL),
('572f4f4fc43b8c601971c263', 'aravssa', '2016-12-28', 'aravssa', 'https://avatars0.githubusercontent.com/u/19252028?v=3&s=128', 'N', NULL),
('57341956c43b8c6019727044', 'balajivijay', '2016-12-28', 'balajivijay', 'https://avatars2.githubusercontent.com/u/19319840?v=3&s=128', 'N', NULL),
('573d7585c43b8c601973c37a', 'shanmukhshrama', '2016-12-28', 'shanmukhshrama', 'https://avatars2.githubusercontent.com/u/19402379?v=3&s=128', 'N', NULL),
('573d763dc43b8c601973c39e', 'harishnanjappan', '2016-12-28', 'harishnanjappan', 'https://avatars1.githubusercontent.com/u/19402032?v=3&s=128', 'N', NULL),
('573d7662c43b8c601973c3ab', 'nishanthmohan', '2016-12-28', 'nishanthmohan', 'https://avatars1.githubusercontent.com/u/19402027?v=3&s=128', 'N', NULL),
('573d7706c43b8c601973c3ca', 'navaneethan2003', '2016-12-28', 'navaneethan2003', 'https://avatars2.githubusercontent.com/u/19402080?v=3&s=128', 'N', NULL),
('573d7719c43b8c601973c3d0', 'samithapriya', '2016-12-28', 'samithapriya', 'https://avatars0.githubusercontent.com/u/19402376?v=3&s=128', 'N', NULL),
('573d7742c43b8c601973c3d8', 'dharshiniVS', '2016-12-28', 'dharshiniVS', 'https://avatars0.githubusercontent.com/u/19401878?v=3&s=128', 'N', NULL),
('573d7817c43b8c601973c416', 'indumathikgins', '2016-12-28', 'indumathikgins', 'https://avatars1.githubusercontent.com/u/19456026?v=3&s=128', 'N', NULL),
('573d7d3ac43b8c601973c4e1', 'premalathaKGINS', '2016-12-28', 'premalathaKGINS', 'https://avatars1.githubusercontent.com/u/19465707?v=3&s=128', 'N', NULL),
('5745217bc43b8c601974c4cb', 'kirthikanatesan', '2016-12-28', 'kirthikanatesan', 'https://avatars2.githubusercontent.com/u/19544330?v=3&s=128', 'N', NULL),
('57452541c43b8c601974c505', 'priyankamss36', '2016-12-28', 'priyankamss36', 'https://avatars0.githubusercontent.com/u/19563957?v=3&s=128', 'N', NULL),
('57452798c43b8c601974c556', 'Murugasamydharani', '2016-12-28', 'Murugasamydharani', 'https://avatars0.githubusercontent.com/u/19563963?v=3&s=128', 'N', NULL),
('5747db60c43b8c60197536e8', 'kartikkartik123', '2016-12-28', 'kartikkartik123', 'https://avatars1.githubusercontent.com/u/19603269?v=3&s=128', 'N', NULL),
('5747dc76c43b8c6019753726', 'vasanthvijay', '2016-12-28', 'vasanthvijay', 'https://avatars0.githubusercontent.com/u/19603248?v=3&s=128', 'N', NULL),
('5747dc99c43b8c601975372d', 'vinubhaskaran', '2016-12-28', 'vinubhaskaran', 'https://avatars0.githubusercontent.com/u/19603220?v=3&s=128', 'N', NULL),
('5747de5ac43b8c6019753780', 'Steve Paul Willson', '2016-12-28', 'StevePaulWillson', 'https://avatars2.githubusercontent.com/u/19603247?v=3&s=128', 'N', NULL),
('5747df5ec43b8c60197537ae', 'sakthivel4297', '2016-12-28', 'sakthivel4297', 'https://avatars1.githubusercontent.com/u/19603275?v=3&s=128', 'N', NULL),
('5747df8dc43b8c60197537bc', 'manojkumar9797', '2016-12-28', 'manojkumar9797', 'https://avatars2.githubusercontent.com/u/19603270?v=3&s=128', 'N', NULL),
('5747e332c43b8c6019753829', '81balkis', '2016-12-28', '81balkis', 'https://avatars1.githubusercontent.com/u/19603314?v=3&s=128', 'N', NULL),
('5747e334c43b8c601975382e', '07Priya', '2016-12-28', '07Priya', 'https://avatars1.githubusercontent.com/u/19603279?v=3&s=128', 'N', NULL),
('5747e335c43b8c6019753833', 'vidhya29', '2016-12-28', 'vidhya29', 'https://avatars0.githubusercontent.com/u/19603366?v=3&s=128', 'N', NULL),
('5747e33ac43b8c6019753839', 'Hindujakgcas', '2016-12-28', 'Hindujakgcas', 'https://avatars2.githubusercontent.com/u/19603281?v=3&s=128', 'N', NULL),
('5747e33bc43b8c601975383e', 'sayiaaradhana', '2016-12-28', 'sayiaaradhana', 'https://avatars0.githubusercontent.com/u/19603256?v=3&s=128', 'N', NULL),
('5747e33cc43b8c6019753844', 'arun pandian.p', '2016-12-28', 'arunpandi10', 'https://avatars2.githubusercontent.com/u/19603333?v=3&s=128', 'N', NULL),
('5747e343c43b8c601975384b', 'MeghnaKennedy', '2016-12-28', 'MeghnaKennedy', 'https://avatars2.githubusercontent.com/u/19603311?v=3&s=128', 'N', NULL),
('5747e34bc43b8c6019753852', 'RakshanaR39', '2016-12-28', 'RakshanaR39', 'https://avatars1.githubusercontent.com/u/19603378?v=3&s=128', 'N', NULL),
('5747e34fc43b8c6019753857', 'dineshritvik', '2016-12-28', 'dineshritvik', 'https://avatars1.githubusercontent.com/u/19603465?v=3&s=128', 'N', NULL),
('5747e35ac43b8c601975385e', 'surekaharidass97', '2016-12-28', 'surekaharidass97', 'https://avatars1.githubusercontent.com/u/19603360?v=3&s=128', 'N', NULL),
('5747e360c43b8c6019753863', 'karthikakgcas123', '2016-12-28', 'karthikakgcas123', 'https://avatars1.githubusercontent.com/u/19603369?v=3&s=128', 'N', NULL),
('5747e37ac43b8c601975386a', 'sreeja-harigovindhan', '2016-12-28', 'sreeja-harigovindhan', 'https://avatars2.githubusercontent.com/u/19603294?v=3&s=128', 'N', NULL),
('5747e37dc43b8c6019753872', 'jensikgcas', '2016-12-28', 'jensikgcas', 'https://avatars1.githubusercontent.com/u/19603609?v=3&s=128', 'N', NULL),
('5747e3b1c43b8c6019753881', 'aBharathy', '2016-12-28', 'aBharathy', 'https://avatars1.githubusercontent.com/u/19603579?v=3&s=128', 'N', NULL),
('5747e3cac43b8c601975388d', 'ganesh201197', '2016-12-28', 'ganesh201197', 'https://avatars0.githubusercontent.com/u/19603340?v=3&s=128', 'N', NULL),
('5747e3cac43b8c6019753890', 'revanthraj120197', '2016-12-28', 'revanthraj120197', 'https://avatars1.githubusercontent.com/u/19603454?v=3&s=128', 'N', NULL),
('5747e42dc43b8c601975389c', 'HarithraKgcas', '2016-12-28', 'HarithraKgcas', 'https://avatars1.githubusercontent.com/u/19603263?v=3&s=128', 'N', NULL),
('5747e961c43b8c6019753969', 'MohanPrabhump', '2016-12-28', 'MohanPrabhump', 'https://avatars0.githubusercontent.com/u/19603923?v=3&s=128', 'N', NULL),
('5747ec38c43b8c6019753a00', 'GREATDON', '2016-12-28', 'GREATDON', 'https://avatars2.githubusercontent.com/u/19370223?v=3&s=128', 'N', NULL),
('574c1b9fc43b8c601975b288', 'poornimap1234', '2016-12-28', 'poornimap1234', 'https://avatars0.githubusercontent.com/u/19262627?v=3&s=128', 'N', NULL),
('5757c8b2c43b8c6019787800', 'lavanyasri', '2016-12-28', 'lavanyasri', 'https://avatars0.githubusercontent.com/u/19814470?v=3&s=128', 'N', NULL),
('5757cb8dc43b8c6019787853', 'aishwarya2010', '2016-12-28', 'aishwarya2010', 'https://avatars2.githubusercontent.com/u/19814689?v=3&s=128', 'N', NULL),
('5757cdcdc43b8c601978789d', 'preethapree', '2016-12-28', 'preethapree', 'https://avatars0.githubusercontent.com/u/19814828?v=3&s=128', 'N', NULL),
('57594273c2f0db084a1cf7d5', 'ananduraghu', '2016-12-28', 'ananduraghu', 'https://avatars0.githubusercontent.com/u/19641511?v=3&s=128', 'N', NULL),
('575ba081c2f0db084a1d47e4', 'sanjanasampath', '2016-12-28', 'sanjanasampath', 'https://avatars0.githubusercontent.com/u/19868729?v=3&s=128', 'N', NULL),
('575ba258c2f0db084a1d481b', 'rohinieswariya', '2016-12-28', 'rohinieswariya', 'https://avatars2.githubusercontent.com/u/19868834?v=3&s=128', 'N', NULL),
('575ba28ac2f0db084a1d4825', 'kumararaja', '2016-12-28', 'kumararaja', 'https://avatars1.githubusercontent.com/u/19868715?v=3&s=128', 'N', NULL),
('575ba2fcc2f0db084a1d4835', 'senthilkumarecs', '2016-12-28', 'senthilkumarecs', 'https://avatars0.githubusercontent.com/u/19868689?v=3&s=128', 'N', NULL),
('575ba379c2f0db084a1d4840', 'malarmaragatham', '2016-12-28', 'malarmaragatham', 'https://avatars0.githubusercontent.com/u/19868674?v=3&s=128', 'N', NULL),
('575ba3dbc2f0db084a1d484c', 'Alwin Pinakas James', '2016-12-28', 'alwinpinakasj', 'https://avatars2.githubusercontent.com/u/19868719?v=3&s=128', 'N', NULL),
('575ba45cc2f0db084a1d486c', 'RajBKrishna', '2016-12-28', 'RajBKrishna', 'https://avatars1.githubusercontent.com/u/19868891?v=3&s=128', 'N', NULL),
('575ba52ac2f0db084a1d488d', 'swarnaprabhu5', '2016-12-28', 'swarnaprabhu5', 'https://avatars0.githubusercontent.com/u/19868922?v=3&s=128', 'N', NULL),
('575ba59ec2f0db084a1d48a1', 'prabhuslvrj', '2016-12-28', 'prabhuslvrj', 'https://avatars2.githubusercontent.com/u/19868950?v=3&s=128', 'N', NULL),
('575ba798c2f0db084a1d48d7', 'vignesh.M', '2016-12-28', 'maivignesh', 'https://avatars1.githubusercontent.com/u/19868711?v=3&s=128', 'N', NULL),
('575ba809c2f0db084a1d48f3', 'arunprasadm', '2016-12-28', 'arunprasadm', 'https://avatars2.githubusercontent.com/u/19868705?v=3&s=128', 'N', NULL),
('575ba88bc2f0db084a1d4901', 'gunathiya', '2016-12-28', 'gunathiya', 'https://avatars2.githubusercontent.com/u/19869068?v=3&s=128', 'N', NULL),
('575ba928c2f0db084a1d4918', 'subhaashree', '2016-12-28', 'subhaashree', 'https://avatars0.githubusercontent.com/u/19868842?v=3&s=128', 'N', NULL),
('575ba96ec2f0db084a1d4927', 'priyavijay94', '2016-12-28', 'priyavijay94', 'https://avatars0.githubusercontent.com/u/19868854?v=3&s=128', 'N', NULL),
('575ba9a7c2f0db084a1d4940', 'Rishore', '2016-12-28', 'Rishore', 'https://avatars1.githubusercontent.com/u/19868757?v=3&s=128', 'N', NULL),
('575baa0cc2f0db084a1d4955', 'ellakkiyachinnu', '2016-12-28', 'ellakkiyachinnu', 'https://avatars0.githubusercontent.com/u/19868978?v=3&s=128', 'N', NULL),
('575baa4bc2f0db084a1d495c', 'vinithamylsamy', '2016-12-28', 'vinithamylsamy', 'https://avatars0.githubusercontent.com/u/19868826?v=3&s=128', 'N', NULL),
('575baa55c2f0db084a1d4963', 'meenamadhumathi', '2016-12-28', 'meenamadhumathi', 'https://avatars0.githubusercontent.com/u/19868777?v=3&s=128', 'N', NULL),
('575baacec2f0db084a1d496f', 'abiyami', '2016-12-28', 'abiyami', 'https://avatars2.githubusercontent.com/u/19869166?v=3&s=128', 'N', NULL),
('575baadec2f0db084a1d4976', 'negha', '2016-12-28', 'negha', 'https://avatars0.githubusercontent.com/u/19868736?v=3&s=128', 'N', NULL),
('575bab09c2f0db084a1d497d', 'nithaika', '2016-12-28', 'nithaika', 'https://avatars2.githubusercontent.com/u/19869075?v=3&s=128', 'N', NULL),
('575bab20c2f0db084a1d4986', 'kousii', '2016-12-28', 'kousii', 'https://avatars1.githubusercontent.com/u/19869098?v=3&s=128', 'N', NULL),
('575bac57c2f0db084a1d49a5', 'kirthikasubramani', '2016-12-28', 'kirthikasubramani', 'https://avatars2.githubusercontent.com/u/19868884?v=3&s=128', 'N', NULL),
('575bac59c2f0db084a1d49a9', 'pavithrasmv', '2016-12-28', 'pavithrasmv', 'https://avatars2.githubusercontent.com/u/19868668?v=3&s=128', 'N', NULL),
('575baca5c2f0db084a1d49bd', 'kumarsibii', '2016-12-28', 'kumarsibii', 'https://avatars2.githubusercontent.com/u/19868948?v=3&s=128', 'N', NULL),
('575bacbac2f0db084a1d49cc', 'ashikanathan01', '2016-12-28', 'ashikanathan01', 'https://avatars2.githubusercontent.com/u/19868882?v=3&s=128', 'N', NULL),
('575bacffc2f0db084a1d49df', 'MohanMicky', '2016-12-28', 'MohanMicky', 'https://avatars1.githubusercontent.com/u/19868661?v=3&s=128', 'N', NULL),
('575badc6c2f0db084a1d49ef', 'sujiviji95', '2016-12-28', 'sujiviji95', 'https://avatars2.githubusercontent.com/u/19869252?v=3&s=128', 'N', NULL),
('575bae0ec2f0db084a1d49f9', 'sandhiyaprabhakaran', '2016-12-28', 'sandhiyaprabhakaran', 'https://avatars0.githubusercontent.com/u/19868626?v=3&s=128', 'N', NULL),
('575bae60c2f0db084a1d4a08', 'ranganayaki5', '2016-12-28', 'ranganayaki5', 'https://avatars0.githubusercontent.com/u/19869148?v=3&s=128', 'N', NULL),
('575baf2ac2f0db084a1d4a27', 'saranya-santhosh', '2016-12-28', 'saranya-santhosh', 'https://avatars2.githubusercontent.com/u/19869299?v=3&s=128', 'N', NULL),
('575bb065c2f0db084a1d4a49', 'arthika02', '2016-12-28', 'arthika02', 'https://avatars1.githubusercontent.com/u/19868709?v=3&s=128', 'N', NULL),
('575bb848c2f0db084a1d4ac5', 'donarashmi', '2016-12-28', 'donarashmi', 'https://avatars1.githubusercontent.com/u/19868792?v=3&s=128', 'N', NULL),
('575bb86fc2f0db084a1d4add', 'susilavictor', '2016-12-28', 'susilavictor', 'https://avatars2.githubusercontent.com/u/19868876?v=3&s=128', 'N', NULL),
('575bb874c2f0db084a1d4ae2', 'saranyaselvaraj14', '2016-12-28', 'saranyaselvaraj14', 'https://avatars0.githubusercontent.com/u/19237014?v=3&s=128', 'N', NULL),
('575bb875c2f0db084a1d4ae7', 'sathyavathyvenugopal', '2016-12-28', 'sathyavathyvenugopal', 'https://avatars0.githubusercontent.com/u/19235103?v=3&s=128', 'N', NULL),
('575bb87dc2f0db084a1d4aed', 'sruthirk01', '2016-12-28', 'sruthirk01', 'https://avatars2.githubusercontent.com/u/19868794?v=3&s=128', 'N', NULL),
('575bb882c2f0db084a1d4af4', 'Ushameenakshi', '2016-12-28', 'Ushameenakshi', 'https://avatars2.githubusercontent.com/u/19868647?v=3&s=128', 'N', NULL),
('575bb886c2f0db084a1d4afa', 'lavanyadm', '2016-12-28', 'lavanyadm', 'https://avatars0.githubusercontent.com/u/19868827?v=3&s=128', 'N', NULL),
('575bb887c2f0db084a1d4aff', 'goki900283', '2016-12-28', 'goki900283', 'https://avatars2.githubusercontent.com/u/19868870?v=3&s=128', 'N', NULL),
('575bb888c2f0db084a1d4b04', 'poongodikgcas', '2016-12-28', 'poongodikgcas', 'https://avatars1.githubusercontent.com/u/19868830?v=3&s=128', 'N', NULL),
('575bb88cc2f0db084a1d4b0b', 'sasikalakathiravan', '2016-12-28', 'sasikalakathiravan', 'https://avatars0.githubusercontent.com/u/19235058?v=3&s=128', 'N', NULL),
('575bb88dc2f0db084a1d4b10', 'kamalamnithin', '2016-12-28', 'kamalamnithin', 'https://avatars2.githubusercontent.com/u/19869533?v=3&s=128', 'N', NULL),
('575bb88dc2f0db084a1d4b14', 'shobanavinoth', '2016-12-28', 'shobanavinoth', 'https://avatars1.githubusercontent.com/u/19869580?v=3&s=128', 'N', NULL),
('575bb8b9c2f0db084a1d4b28', 'sadamsadu', '2016-12-28', 'sadamsadu', 'https://avatars0.githubusercontent.com/u/19868848?v=3&s=128', 'N', NULL),
('575bb8bec2f0db084a1d4b2d', 'vasanthiravi', '2016-12-28', 'vasanthiravi', 'https://avatars2.githubusercontent.com/u/19868839?v=3&s=128', 'N', NULL),
('575bb8c0c2f0db084a1d4b34', 'kumarijaya', '2016-12-28', 'kumarijaya', 'https://avatars1.githubusercontent.com/u/19868851?v=3&s=128', 'N', NULL),
('575bb8c4c2f0db084a1d4b39', 'suryapaul', '2016-12-28', 'suryapaul', 'https://avatars2.githubusercontent.com/u/19868859?v=3&s=128', 'N', NULL),
('575bb8ddc2f0db084a1d4b41', 'keerthana16', '2016-12-28', 'keerthana16', 'https://avatars1.githubusercontent.com/u/19869171?v=3&s=128', 'N', NULL),
('575bb8e4c2f0db084a1d4b48', 'nithashini', '2016-12-28', 'nithashini', 'https://avatars0.githubusercontent.com/u/19869376?v=3&s=128', 'N', NULL),
('575bb901c2f0db084a1d4b4f', 'matheesh', '2016-12-28', 'matheesh', 'https://avatars1.githubusercontent.com/u/19868946?v=3&s=128', 'N', NULL),
('575bb929c2f0db084a1d4b57', 'ramasamyjanani', '2016-12-28', 'ramasamyjanani', 'https://avatars0.githubusercontent.com/u/19868814?v=3&s=128', 'N', NULL),
('575bb929c2f0db084a1d4b5a', 'adalarasi', '2016-12-28', 'adalarasi', 'https://avatars0.githubusercontent.com/u/19868775?v=3&s=128', 'N', NULL),
('575bb92bc2f0db084a1d4b61', 'aswanandini', '2016-12-28', 'aswanandini', 'https://avatars2.githubusercontent.com/u/19234945?v=3&s=128', 'N', NULL),
('575bc7eec2f0db084a1d4c87', 'ayyappan1234', '2016-12-28', 'ayyappan1234', 'https://avatars1.githubusercontent.com/u/19870260?v=3&s=128', 'N', NULL),
('575bc850c2f0db084a1d4c98', 'devapratap2000', '2016-12-28', 'devapratap2000', 'https://avatars1.githubusercontent.com/u/19869790?v=3&s=128', 'N', NULL),
('575d85b4c2f0db084a1d7835', 'nandhithakamal', '2017-01-24', 'nandhithakamal', 'https://avatars2.githubusercontent.com/u/15109958?v=3&s=128', 'N', NULL),
('575e90e5c2f0db084a1d973c', 'baskaran94', '2016-12-28', 'baskaran94', 'https://avatars1.githubusercontent.com/u/19906605?v=3&s=128', 'N', NULL),
('575eb765c2f0db084a1d9d87', 'kesavan95', '2016-12-28', 'kesavan95', 'https://avatars2.githubusercontent.com/u/19909881?v=3&s=128', 'N', NULL),
('575ebc5ac2f0db084a1d9e56', 'krizgopal', '2016-12-28', 'krizgopal', 'https://avatars2.githubusercontent.com/u/19910421?v=3&s=128', 'N', NULL),
('575fc29ec2f0db084a1dc346', 'gokulakannan10', '2016-12-28', 'gokulakannan10', 'https://avatars0.githubusercontent.com/u/19925592?v=3&s=128', 'N', NULL),
('5764fd83c2f0db084a1e9270', 'manokaran1995', '2016-12-28', 'manokaran1995', 'https://avatars2.githubusercontent.com/u/19235043?v=3&s=128', 'N', NULL),
('57679bc5c2f0db084a1ed8d6', 'padmajaab', '2016-12-28', 'padmajaab', 'https://avatars1.githubusercontent.com/u/20037177?v=3&s=128', 'N', NULL),
('5768c103c2f0db084a1f0b23', 'nivekavi', '2016-12-28', 'nivekavi', 'https://avatars0.githubusercontent.com/u/20037010?v=3&s=128', 'N', NULL),
('5768c112c2f0db084a1f0b28', 'nandhisha', '2016-12-28', 'nandhisha', 'https://avatars2.githubusercontent.com/u/20037172?v=3&s=128', 'N', NULL),
('5768c119c2f0db084a1f0b2d', 'Nalasivam', '2016-12-28', 'nalasivam', 'https://avatars1.githubusercontent.com/u/20036471?v=3&s=128', 'N', NULL),
('5768c11dc2f0db084a1f0b32', 'ashwinak894', '2016-12-28', 'ashwinak894', 'https://avatars0.githubusercontent.com/u/20037025?v=3&s=128', 'N', NULL),
('5768c121c2f0db084a1f0b37', 'Ragulan27', '2016-12-28', 'Ragulan27', 'https://avatars0.githubusercontent.com/u/20037077?v=3&s=128', 'N', NULL),
('5768c131c2f0db084a1f0b3d', 'balaji20398', '2016-12-28', 'balaji20398', 'https://avatars2.githubusercontent.com/u/20036462?v=3&s=128', 'N', NULL),
('5768c133c2f0db084a1f0b42', 'manoj97mano', '2016-12-28', 'manoj97mano', 'https://avatars2.githubusercontent.com/u/20036542?v=3&s=128', 'N', NULL),
('5768c13ac2f0db084a1f0b48', 'Himanshujainp', '2016-12-28', 'Himanshujainp', 'https://avatars1.githubusercontent.com/u/20036809?v=3&s=128', 'N', NULL),
('5768c143c2f0db084a1f0b4d', 'Arpana02', '2016-12-28', 'Arpana02', 'https://avatars1.githubusercontent.com/u/20036782?v=3&s=128', 'N', NULL),
('5768c148c2f0db084a1f0b54', 'Preethasit', '2016-12-28', 'Preethasit', 'https://avatars0.githubusercontent.com/u/20036585?v=3&s=128', 'N', NULL),
('5768c150c2f0db084a1f0b60', 'Valli29', '2016-12-28', 'Valli29', 'https://avatars1.githubusercontent.com/u/20037096?v=3&s=128', 'N', NULL),
('5768c15ec2f0db084a1f0b66', 'suparanjani', '2016-12-28', 'suparanjani', 'https://avatars1.githubusercontent.com/u/20037080?v=3&s=128', 'N', NULL),
('5768c172c2f0db084a1f0b6c', 'anto123', '2016-12-28', 'anto123', 'https://avatars2.githubusercontent.com/u/20037082?v=3&s=128', 'N', NULL),
('5768c1aac2f0db084a1f0b7d', 'roshiniit', '2016-12-28', 'roshiniit', 'https://avatars1.githubusercontent.com/u/20037189?v=3&s=128', 'N', NULL),
('5768c1dfc2f0db084a1f0b91', 'Pavithran', '2016-12-28', 'Pavithran12', 'https://avatars2.githubusercontent.com/u/20036464?v=3&s=128', 'N', NULL),
('5768c213c2f0db084a1f0b9e', 'Nithya05', '2016-12-28', 'Nithya05', 'https://avatars2.githubusercontent.com/u/20037050?v=3&s=128', 'N', NULL),
('5768c270c2f0db084a1f0bb4', 'premkumar6353', '2016-12-28', 'premkumar6353', 'https://avatars0.githubusercontent.com/u/20058459?v=3&s=128', 'N', NULL),
('5768c298c2f0db084a1f0bc4', 'sudhasure', '2016-12-28', 'sudhasure', 'https://avatars2.githubusercontent.com/u/20037001?v=3&s=128', 'N', NULL),
('5768c2c2c2f0db084a1f0bcc', 'GOPIK007', '2016-12-28', 'GOPIK007', 'https://avatars1.githubusercontent.com/u/20037029?v=3&s=128', 'N', NULL),
('5768c34bc2f0db084a1f0be6', 'mohancharlie', '2016-12-28', 'mohancharlie', 'https://avatars0.githubusercontent.com/u/20037111?v=3&s=128', 'N', NULL),
('5768c384c2f0db084a1f0bed', 'ishwariya', '2016-12-28', 'ishwariya', 'https://avatars0.githubusercontent.com/u/20036565?v=3&s=128', 'N', NULL),
('5768c3c3c2f0db084a1f0bfb', 'ashwinak', '2016-12-28', 'ashwinak', 'https://avatars0.githubusercontent.com/u/7828300?v=3&s=128', 'N', NULL),
('5768c4e6c2f0db084a1f0c1a', 'sathishdevilliers', '2016-12-28', 'sathishdevilliers', 'https://avatars0.githubusercontent.com/u/20058858?v=3&s=128', 'N', NULL),
('5768c59dc2f0db084a1f0c2b', 'ragupraveen98', '2016-12-28', 'ragupraveen98', 'https://avatars0.githubusercontent.com/u/20057963?v=3&s=128', 'N', NULL),
('5768c5dac2f0db084a1f0c31', 'shivaramthorn', '2016-12-28', 'shivaramthorn', 'https://avatars1.githubusercontent.com/u/20036463?v=3&s=128', 'N', NULL),
('576904e8c2f0db084a1f1467', 'JoseAntonyS', '2016-12-28', 'JoseAntonyS', 'https://avatars2.githubusercontent.com/u/20058439?v=3&s=128', 'N', NULL),
('57696046c2f0db084a1f2486', 'karthi42', '2016-12-28', 'karthi42', 'https://avatars2.githubusercontent.com/u/20070251?v=3&s=128', 'N', NULL),
('576a480ec2f0db084a1f4636', 'sharonjohnyvim', '2016-12-28', 'sharonjohnyvim', 'https://avatars0.githubusercontent.com/u/20084408?v=3&s=128', 'N', NULL),
('576a4855c2f0db084a1f4666', 'gowthamikuppusamy', '2016-12-28', 'gowthamikuppusamy', 'https://avatars2.githubusercontent.com/u/20084409?v=3&s=128', 'N', NULL),
('576a489ac2f0db084a1f4678', 'jananikrishnamurthy', '2017-01-24', 'jananikrishnamurthy', 'https://avatars0.githubusercontent.com/u/20084367?v=3&s=128', 'N', NULL),
('576b59a1c2f0db084a1f7264', 'gayathriammu', '2016-12-28', 'gayathriammu', 'https://avatars0.githubusercontent.com/u/20037041?v=3&s=128', 'N', NULL),
('576ed9b7c2f0db084a1fe5be', 'Pavithra Roselin', '2016-12-28', '14ITA18', 'https://avatars1.githubusercontent.com/u/9626124?v=3&s=128', 'N', NULL),
('5778c989c2f0db084a212da7', 'santhosh', '2016-12-28', 'santhoshnv', 'https://avatars1.githubusercontent.com/u/19868656?v=3&s=128', 'N', NULL),
('578210f7c2f0db084a224b72', 'Arunpandian', '2016-12-28', 'arunpandianm', 'https://avatars2.githubusercontent.com/u/20380123?v=3&s=128', 'N', NULL),
('578dd3f2c2f0db084a23a080', 'Renji', '2016-12-28', 'Renjitj', 'https://avatars2.githubusercontent.com/u/20530107?v=3&s=128', 'N', NULL),
('578e012bc2f0db084a23a708', 'ncm-GopalaKrishnan', '2016-12-28', 'ncm-GopalaKrishnan', 'https://avatars0.githubusercontent.com/u/20531367?v=3&s=128', 'N', NULL),
('578e0138c2f0db084a23a70d', 'ncm-sarath', '2016-12-28', 'ncm-sarath', 'https://avatars0.githubusercontent.com/u/20531471?v=3&s=128', 'N', NULL),
('578e0160c2f0db084a23a719', 'ncmrajasekar', '2016-12-28', 'ncmrajasekar', 'https://avatars0.githubusercontent.com/u/20531458?v=3&s=128', 'N', NULL),
('578e0161c2f0db084a23a71c', 'ncm-murugan', '2016-12-28', 'ncm-murugan', 'https://avatars1.githubusercontent.com/u/20531534?v=3&s=128', 'N', NULL),
('578e0161c2f0db084a23a720', 'NCM-Bonny123', '2016-12-28', 'NCM-Bonny123', 'https://avatars2.githubusercontent.com/u/20531488?v=3&s=128', 'N', NULL),
('578e0163c2f0db084a23a728', 'ncmairin', '2016-12-28', 'ncmairin', 'https://avatars2.githubusercontent.com/u/20531409?v=3&s=128', 'N', NULL),
('578e0166c2f0db084a23a72d', 'ncm-rupin', '2016-12-28', 'ncm-rupin', 'https://avatars1.githubusercontent.com/u/20531476?v=3&s=128', 'N', NULL),
('578e0166c2f0db084a23a731', 'ncm-salu', '2016-12-28', 'ncm-salu', 'https://avatars1.githubusercontent.com/u/20531466?v=3&s=128', 'N', NULL),
('578e0167c2f0db084a23a736', 'ncmsethulekshmi', '2016-12-28', 'ncmsethulekshmi', 'https://avatars1.githubusercontent.com/u/20531485?v=3&s=128', 'N', NULL),
('578e0168c2f0db084a23a73b', 'ncm-sruthy', '2016-12-28', 'ncm-sruthy', 'https://avatars2.githubusercontent.com/u/20531535?v=3&s=128', 'N', NULL),
('578e016bc2f0db084a23a741', 'josesebastiankz', '2016-12-28', 'josesebastiankz', 'https://avatars0.githubusercontent.com/u/20531371?v=3&s=128', 'N', NULL),
('578e016cc2f0db084a23a746', 'ncmajith', '2016-12-28', 'ncmajith', 'https://avatars2.githubusercontent.com/u/20531338?v=3&s=128', 'N', NULL),
('578e0176c2f0db084a23a753', 'ncmvinayakj', '2016-12-28', 'ncmvinayakj', 'https://avatars0.githubusercontent.com/u/20531404?v=3&s=128', 'N', NULL),
('578e017bc2f0db084a23a75a', 'ncmsalmon', '2016-12-28', 'ncmsalmon', 'https://avatars1.githubusercontent.com/u/20531472?v=3&s=128', 'N', NULL),
('578e017fc2f0db084a23a760', 'ncmliju', '2016-12-28', 'ncmliju', 'https://avatars1.githubusercontent.com/u/20531467?v=3&s=128', 'N', NULL),
('578e018ec2f0db084a23a768', 'ncm-Jeethu', '2016-12-28', 'ncm-Jeethu', 'https://avatars2.githubusercontent.com/u/20531438?v=3&s=128', 'N', NULL),
('578e0193c2f0db084a23a771', 'NCMDeepak', '2016-12-28', 'NCMDeepak', 'https://avatars1.githubusercontent.com/u/20531410?v=3&s=128', 'N', NULL),
('578e0198c2f0db084a23a779', 'ncm-amalu', '2016-12-28', 'ncm-amalu', 'https://avatars1.githubusercontent.com/u/20531384?v=3&s=128', 'N', NULL),
('578e01bcc2f0db084a23a783', 'ncm-krishnakumar', '2016-12-28', 'ncm-krishnakumar', 'https://avatars0.githubusercontent.com/u/20531365?v=3&s=128', 'N', NULL),
('578e01ccc2f0db084a23a78a', 'vishnuv6444', '2016-12-28', 'vishnuv6444', 'https://avatars2.githubusercontent.com/u/20531380?v=3&s=128', 'N', NULL),
('578e01cdc2f0db084a23a78f', 'josephan93', '2016-12-28', 'josephan93', 'https://avatars2.githubusercontent.com/u/20531418?v=3&s=128', 'N', NULL),
('578e01e7c2f0db084a23a79c', 'paulvarghese2016', '2016-12-28', 'paulvarghese2016', 'https://avatars2.githubusercontent.com/u/20531382?v=3&s=128', 'N', NULL),
('578e0228c2f0db084a23a7ae', 'ncmkalpanaknair', '2016-12-28', 'ncmkalpanaknair', 'https://avatars0.githubusercontent.com/u/20531473?v=3&s=128', 'N', NULL),
('578f3657c2f0db084a23cf18', 'ncm-sk', '2016-12-28', 'ncm-sk', 'https://avatars0.githubusercontent.com/u/20531482?v=3&s=128', 'N', NULL),
('5798724a40f3a6eec05caaa1', 'ajniranjan', '2016-12-28', 'ajniranjan', 'https://avatars2.githubusercontent.com/u/20678836?v=3&s=128', 'N', NULL),
('579872e540f3a6eec05caabb', 'solankijayesh', '2016-12-28', 'solankijayesh', 'https://avatars1.githubusercontent.com/u/20678854?v=3&s=128', 'N', NULL),
('5798733340f3a6eec05caac4', 'Janani Bharathi', '2016-12-28', 'JananiBharathi', 'https://avatars1.githubusercontent.com/u/20678893?v=3&s=128', 'N', NULL),
('5798733e40f3a6eec05caac9', 'Giripragash', '2016-12-28', 'Giripragash', 'https://avatars2.githubusercontent.com/u/20678832?v=3&s=128', 'N', NULL),
('5798737540f3a6eec05caadc', 'Safeek', '2016-12-28', 'Safeek', 'https://avatars0.githubusercontent.com/u/20678971?v=3&s=128', 'N', NULL);
INSERT INTO `user` (`uid`, `name`, `doj`, `uname`, `url`, `excluder`, `exc_date`) VALUES
('579873c240f3a6eec05caae3', 'RAGULCALIFER26', '2016-12-28', 'RAGULCALIFER26', 'https://avatars1.githubusercontent.com/u/20678888?v=3&s=128', 'N', NULL),
('579873d740f3a6eec05caaec', 'supriyaselvam', '2016-12-28', 'supriyaselvam', 'https://avatars1.githubusercontent.com/u/20678898?v=3&s=128', 'N', NULL),
('579873f540f3a6eec05caaf4', 'bhargav', '2016-12-28', 'bhaar', 'https://avatars2.githubusercontent.com/u/20678934?v=3&s=128', 'N', NULL),
('5798741340f3a6eec05caafb', 'RamNivas484', '2016-12-28', 'RamNivas484', 'https://avatars1.githubusercontent.com/u/20679023?v=3&s=128', 'N', NULL),
('579874d040f3a6eec05cab17', 'AishuSridhar', '2016-12-28', 'AishuSridhar', 'https://avatars1.githubusercontent.com/u/16379210?v=3&s=128', 'N', NULL),
('579874e640f3a6eec05cab23', 'keerthanakgisl', '2016-12-28', 'keerthanakgisl', 'https://avatars1.githubusercontent.com/u/20679044?v=3&s=128', 'N', NULL),
('579875e340f3a6eec05cab4d', 'PriyaSKRV', '2016-12-28', 'PriyaSKRV', 'https://avatars0.githubusercontent.com/u/10049480?v=3&s=128', 'N', NULL),
('579875f440f3a6eec05cab52', 'sureshjohng', '2016-12-28', 'sureshjohng', 'https://avatars2.githubusercontent.com/u/20678895?v=3&s=128', 'N', NULL),
('579875f840f3a6eec05cab57', 'sanchanajs', '2016-12-28', 'sanchanajs', 'https://avatars0.githubusercontent.com/u/20679035?v=3&s=128', 'N', NULL),
('5798769d40f3a6eec05cab79', 'BhuviBhuvaneswari', '2016-12-28', 'BhuviBhuvaneswari', 'https://avatars1.githubusercontent.com/u/20679093?v=3&s=128', 'N', NULL),
('5798773440f3a6eec05cab8b', 'haripriyakgisl', '2016-12-28', 'haripriyakgisl', 'https://avatars1.githubusercontent.com/u/20678908?v=3&s=128', 'N', NULL),
('5798775940f3a6eec05cab91', 'swathiga', '2016-12-28', 'swathiga', 'https://avatars2.githubusercontent.com/u/20679244?v=3&s=128', 'N', NULL),
('579877a840f3a6eec05cab99', 'vanmathy', '2016-12-28', 'vanmathy', 'https://avatars0.githubusercontent.com/u/20679051?v=3&s=128', 'N', NULL),
('579877ca40f3a6eec05caba7', 'Pavi5', '2016-12-28', 'Pavi5', 'https://avatars1.githubusercontent.com/u/20679060?v=3&s=128', 'N', NULL),
('579877cd40f3a6eec05cabad', 'KousikaGanesh', '2016-12-28', 'KousikaGanesh', 'https://avatars1.githubusercontent.com/u/20679183?v=3&s=128', 'N', NULL),
('579877ea40f3a6eec05cabba', 'KARTHICKMANIAN S', '2016-12-28', 'karthickmanian', 'https://avatars2.githubusercontent.com/u/18625989?v=3&s=128', 'N', NULL),
('5798783a40f3a6eec05cabc8', 'saranyagnanavel', '2016-12-28', 'saranyagnanavel', 'https://avatars0.githubusercontent.com/u/20679191?v=3&s=128', 'N', NULL),
('5798784640f3a6eec05cabd3', 'Padma Priya A', '2016-12-28', 'priyaarunbalajinm', 'https://avatars2.githubusercontent.com/u/20678949?v=3&s=128', 'N', NULL),
('579878e840f3a6eec05cabec', 'damo11', '2016-12-28', 'damo11', 'https://avatars1.githubusercontent.com/u/20679016?v=3&s=128', 'N', NULL),
('5798791e40f3a6eec05cac01', 'Priyankaalamelu', '2016-12-28', 'Priyankaalamelu', 'https://avatars0.githubusercontent.com/u/20679056?v=3&s=128', 'N', NULL),
('5798792e40f3a6eec05cac08', 'vinithkumarg', '2016-12-28', 'vinithkumarg', 'https://avatars1.githubusercontent.com/u/20679405?v=3&s=128', 'N', NULL),
('5798794240f3a6eec05cac0e', 'mahalakshmigithub', '2016-12-28', 'mahalakshmigithub', 'https://avatars2.githubusercontent.com/u/20679391?v=3&s=128', 'N', NULL),
('579879d040f3a6eec05cac3e', 'AngaviBalraj', '2016-12-28', 'AngaviBalraj', 'https://avatars1.githubusercontent.com/u/20679012?v=3&s=128', 'N', NULL),
('57987a5a40f3a6eec05cac6c', 'illakiyapriyapalanisamy', '2016-12-28', 'illakiyapriyapalanisamy', 'https://avatars1.githubusercontent.com/u/20679493?v=3&s=128', 'N', NULL),
('57987a9140f3a6eec05cac7f', 'subhitweety', '2016-12-28', 'subhitweety', 'https://avatars0.githubusercontent.com/u/20679024?v=3&s=128', 'N', NULL),
('57987aef40f3a6eec05cac96', 'LavanyaManigandan', '2016-12-28', 'LavanyaManigandan', 'https://avatars0.githubusercontent.com/u/20679143?v=3&s=128', 'N', NULL),
('5798852a40f3a6eec05cadf3', 'soundaryaneeju', '2016-12-28', 'soundaryaneeju', 'https://avatars1.githubusercontent.com/u/20680391?v=3&s=128', 'N', NULL),
('5798f2c740f3a6eec05cc1e0', 'JahazielSam', '2016-12-28', 'JahazielSam', 'https://avatars0.githubusercontent.com/u/20067291?v=3&s=128', 'N', NULL),
('5799a78d40f3a6eec05cd6b1', 'meenaanand', '2016-12-28', 'meenaanand', 'https://avatars0.githubusercontent.com/u/20558430?v=3&s=128', 'N', NULL),
('579c75cd40f3a6eec05d2a93', 'Sharonmahibalan', '2016-12-28', 'Sharonmahibalan', 'https://avatars0.githubusercontent.com/u/20738337?v=3&s=128', 'N', NULL),
('579e023340f3a6eec05d4add', 'KaviyaPalanisamy', '2016-12-28', 'KaviyaPalanisamy', 'https://avatars0.githubusercontent.com/u/20754623?v=3&s=128', 'N', NULL),
('57a5788f40f3a6eec05e2e66', 'GowsalyaMurugan', '2016-12-28', 'GowsalyaMurugan', 'https://avatars1.githubusercontent.com/u/20679097?v=3&s=128', 'N', NULL),
('57b476f040f3a6eec05ff2e9', 'Aravindhan', '2016-12-28', 'aravindsund', 'https://avatars2.githubusercontent.com/u/20719694?v=3&s=128', 'N', NULL),
('57b93afc40f3a6eec06087fd', 'adameve', '2016-12-28', 'adameve', 'https://avatars1.githubusercontent.com/u/17409066?v=3&s=128', 'N', NULL),
('57c83d9b40f3a6eec062b675', 'Athriv R', '2016-12-28', 'athrivr', 'https://avatars2.githubusercontent.com/u/21679131?v=3&s=128', 'N', NULL),
('57e2264140f3a6eec0666a6d', 'satyabharath', '2016-12-28', 'satyabharath', 'https://avatars0.githubusercontent.com/u/22338647?v=3&s=128', 'N', NULL),
('57f135b0d73408ce4f2b1aa6', 'Rajkumar', '2016-12-28', 'RajKumarvasu', 'https://avatars2.githubusercontent.com/u/22576920?v=3&s=128', 'N', NULL),
('58037b8ad73408ce4f2e9b1d', 'muthuayyampillai', '2016-12-28', 'muthuayyampillai', 'https://avatars2.githubusercontent.com/u/22868892?v=3&s=128', 'N', NULL),
('58185b68d73408ce4f3244be', 'shanthishanthi', '2016-12-28', 'shanthishanthi', 'https://avatars1.githubusercontent.com/u/23184368?v=3&s=128', 'N', NULL),
('582485a3d73408ce4f34f7dc', 'Ganesh M', '2016-12-28', 'Ganesh635', 'https://avatars1.githubusercontent.com/u/23358043?v=3&s=128', 'N', NULL),
('5829daffd73408ce4f35cb19', 'Indhumathivishalini', '2016-12-28', 'Indhumathivishalini', 'https://avatars1.githubusercontent.com/u/20679525?v=3&s=128', 'N', NULL),
('582aae54d73408ce4f35f393', 'madhanm99', '2016-12-28', 'madhanm99', 'https://avatars1.githubusercontent.com/u/20678975?v=3&s=128', 'N', NULL),
('58496de4d73408ce4f3ba5ec', 'Aravindarul', '2016-12-28', 'Aravindarul', 'https://avatars2.githubusercontent.com/u/18719271?v=3&s=128', 'N', NULL),
('584a75a0d73408ce4f3bd7b8', 'Kaushik', '2016-12-28', 'kaushik1nair', 'https://avatars1.githubusercontent.com/u/24469025?v=3&s=128', 'N', NULL),
('585a23ded73408ce4f3e6fe2', 'sajansachu127', '2016-12-28', 'sajansachu127', 'https://avatars2.githubusercontent.com/u/21022843?v=3&s=128', 'N', NULL),
('585b4af0d73408ce4f3ea49a', 'roshini31', '2016-12-28', 'roshinis31', 'https://avatars2.githubusercontent.com/u/24689983?v=3&s=128', 'N', NULL),
('585c9c06d73408ce4f3eddf6', 'jzampraveen', '2017-01-24', 'jzampraveen', 'https://avatars0.githubusercontent.com/u/24690067?v=3&s=128', 'N', NULL),
('58678dcfd73408ce4f4058bd', 'vinitha16LMCA41', '2017-01-24', 'vinitha16LMCA41', 'https://avatars0.githubusercontent.com/u/24852694?v=3&s=128', 'N', NULL),
('58678dd9d73408ce4f4058d8', 'kowsalya1909', '2017-01-24', 'kowsalya1909', 'https://avatars0.githubusercontent.com/u/24852710?v=3&s=128', 'N', NULL),
('58678de8d73408ce4f4058e4', 'Divyamano', '2017-01-24', 'Divyamano', 'https://avatars1.githubusercontent.com/u/24852685?v=3&s=128', 'N', NULL),
('58678debd73408ce4f4058e8', 'Preethi16LMCA27', '2017-01-24', 'Preethi16LMCA27', 'https://avatars0.githubusercontent.com/u/24852699?v=3&s=128', 'N', NULL),
('58678ea3d73408ce4f405934', 'Piruthivirajan', '2017-01-24', 'Piruthivirajan', 'https://avatars1.githubusercontent.com/u/23399359?v=3&s=128', 'N', NULL),
('58678ebcd73408ce4f405942', 'pratheshaiim', '2017-01-24', 'pratheshaiim', 'https://avatars1.githubusercontent.com/u/24852722?v=3&s=128', 'N', NULL),
('58678ed8d73408ce4f405953', 'Dharanibuddy', '2017-01-24', 'Dharanibuddy', 'https://avatars1.githubusercontent.com/u/24852658?v=3&s=128', 'N', NULL),
('586795a6d73408ce4f405a17', '16LMCA01', '2017-01-24', '16LMCA01', 'https://avatars2.githubusercontent.com/u/24852700?v=3&s=128', 'N', NULL),
('586795e1d73408ce4f405a21', 'sabarinivas32', '2017-01-24', 'sabarinivas32', 'https://avatars2.githubusercontent.com/u/24852702?v=3&s=128', 'N', NULL),
('58688deed73408ce4f407155', '16LMCA36', '2017-01-24', '16LMCA36', 'https://avatars1.githubusercontent.com/u/24852711?v=3&s=128', 'N', NULL),
('587776e8d73408ce4f4307f2', 'RAMESHKUMAR2786', '2017-01-24', 'RAMESHKUMAR2786', 'https://avatars1.githubusercontent.com/u/25008844?v=3&s=128', 'N', NULL);

--
-- Indexes for dumped tables
--

--
-- Indexes for table `daily_count`
--
ALTER TABLE `daily_count`
 ADD PRIMARY KEY (`u_date`);

--
-- Indexes for table `daily_update`
--
ALTER TABLE `daily_update`
 ADD KEY `uid_3` (`uid`);

--
-- Indexes for table `user`
--
ALTER TABLE `user`
 ADD PRIMARY KEY (`uid`);

--
-- Constraints for dumped tables
--

--
-- Constraints for table `daily_update`
--
ALTER TABLE `daily_update`
ADD CONSTRAINT `fk_uid` FOREIGN KEY (`uid`) REFERENCES `user` (`uid`);

/*!40101 SET CHARACTER_SET_CLIENT=@OLD_CHARACTER_SET_CLIENT */;
/*!40101 SET CHARACTER_SET_RESULTS=@OLD_CHARACTER_SET_RESULTS */;
/*!40101 SET COLLATION_CONNECTION=@OLD_COLLATION_CONNECTION */;
